release_year,year_added,month_added,duration_num,director_count,cast_count,country_count,content_age,is_multicountry,is_long_content,main_genre,rating,actual,predicted,is_error,main_genre_decoded
2016,2017,6,108.0,1,8,5,10,1,0,12,5,0,0,0,Dramas
2015,2015,10,135.0,1,9,2,11,1,1,12,2,0,0,0,Dramas
2017,2019,7,54.0,2,1,1,9,0,0,10,6,0,0,0,Documentaries
2014,2019,6,99.0,1,8,1,12,0,0,7,3,0,0,0,Comedies
2017,2017,4,119.0,1,10,1,9,0,0,12,8,0,0,0,Dramas
2014,2018,8,106.0,1,10,1,12,0,0,7,5,0,0,0,Comedies
2017,2018,7,128.0,1,11,1,9,0,1,0,6,0,0,0,Action & Adventure
2019,2019,10,2.0,1,3,1,7,0,0,3,10,1,1,0,British TV Shows
2015,2019,6,105.0,1,3,1,11,0,0,15,8,0,0,0,International Movies
2020,2020,11,2.0,1,7,1,6,0,0,23,6,1,1,0,Romantic TV Shows
2020,2020,11,1.0,1,1,1,6,0,0,21,7,1,1,0,Reality TV
2017,2017,11,1.0,1,8,1,9,0,0,8,8,1,1,0,Crime TV Shows
2018,2019,9,111.0,1,8,1,8,0,0,7,8,0,0,0,Comedies
2010,2020,2,108.0,1,10,1,16,0,0,0,4,0,0,0,Action & Adventure
2018,2019,5,98.0,1,7,1,8,0,0,7,8,0,0,0,Comedies
2020,2020,5,1.0,1,19,1,6,0,0,2,8,1,1,0,Anime Series
2009,2018,10,137.0,1,7,1,17,0,1,12,8,0,0,0,Dramas
2016,2019,10,1.0,1,8,1,10,0,0,16,6,1,1,0,International TV Shows
2017,2018,10,87.0,1,10,4,9,1,0,12,5,0,0,0,Dramas
2009,2017,6,1.0,1,5,1,17,0,0,16,6,1,1,0,International TV Shows
2013,2017,2,1.0,1,4,1,13,0,0,16,6,1,1,0,International TV Shows
2018,2016,12,2.0,1,18,1,8,0,0,8,8,1,1,0,Crime TV Shows
2019,2020,2,98.0,2,6,1,7,0,0,1,11,0,0,0,Anime Features
2016,2016,11,62.0,1,1,1,10,0,0,27,8,0,0,0,Stand-Up Comedy
2004,2019,7,106.0,2,12,2,22,1,0,0,6,0,0,0,Action & Adventure
1979,2018,10,94.0,1,8,1,47,0,0,6,5,0,0,0,Classic Movies
2011,2020,7,86.0,1,9,1,15,0,0,12,8,0,0,0,Dramas
2014,2017,6,100.0,1,10,1,12,0,0,15,8,0,0,0,International Movies
2019,2020,3,98.0,1,6,1,7,0,0,12,8,0,0,0,Dramas
2019,2019,12,29.0,1,9,1,7,0,0,19,9,0,0,0,Movies
2019,2019,12,1.0,1,6,1,7,0,0,16,6,1,1,0,International TV Shows
2016,2017,2,87.0,1,6,1,10,0,0,0,8,0,0,0,Action & Adventure
2017,2018,6,119.0,1,10,2,9,1,0,12,8,0,0,0,Dramas
2020,2020,10,112.0,1,13,1,6,0,0,7,8,0,0,0,Comedies
2008,2019,11,98.0,1,11,1,18,0,0,7,5,0,0,0,Comedies
2017,2017,10,1.0,1,8,2,9,1,0,17,11,1,1,0,Kids' TV
2018,2019,10,86.0,1,13,1,8,0,0,10,8,0,0,0,Documentaries
2017,2019,6,93.0,1,4,1,9,0,0,4,6,0,0,0,Children & Family Movies
2013,2018,12,68.0,1,1,1,13,0,0,27,8,0,0,0,Stand-Up Comedy
2011,2019,11,94.0,1,9,1,15,0,0,7,5,0,0,0,Comedies
2009,2019,12,132.0,1,8,1,17,0,1,12,6,0,0,0,Dramas
2014,2017,10,111.0,1,8,1,12,0,0,0,8,0,0,0,Action & Adventure
2010,2020,11,92.0,1,10,1,16,0,0,7,4,0,0,0,Comedies
2020,2020,10,3.0,1,14,1,6,0,0,8,8,1,1,0,Crime TV Shows
2021,2021,1,116.0,1,5,1,5,0,0,0,5,0,0,0,Action & Adventure
2019,2019,11,131.0,1,3,1,7,0,1,12,9,0,0,0,Dramas
2019,2020,3,96.0,1,1,1,7,0,0,10,8,0,0,0,Documentaries
1974,2019,11,121.0,1,13,1,52,0,1,6,5,0,0,0,Classic Movies
2020,2020,10,3.0,1,7,1,6,0,0,28,8,1,1,0,Stand-Up Comedy & Talk Shows
2018,2019,1,150.0,1,10,1,8,0,1,12,8,0,0,0,Dramas
2018,2019,10,108.0,1,8,2,8,1,0,0,6,0,0,0,Action & Adventure
2017,2019,1,74.0,1,8,1,9,0,0,12,6,0,0,0,Dramas
2020,2020,1,1.0,1,12,1,6,0,0,29,8,1,1,0,TV Action & Adventure
2017,2017,6,47.0,1,1,1,9,0,0,10,9,0,0,0,Documentaries
2018,2018,8,3.0,1,25,6,8,1,0,21,9,1,1,0,Reality TV
2014,2019,5,113.0,1,8,1,12,0,0,13,8,0,0,0,Horror Movies
2016,2018,4,104.0,1,3,1,10,0,0,12,6,0,0,0,Dramas
1999,2020,1,112.0,1,10,1,27,0,0,7,4,0,0,0,Comedies
2013,2018,9,112.0,1,7,1,13,0,0,7,8,0,0,0,Comedies
2020,2020,3,162.0,1,7,1,6,0,1,0,6,0,0,0,Action & Adventure
2018,2020,9,109.0,1,10,1,8,0,0,10,8,0,0,0,Documentaries
2017,2017,12,106.0,1,7,1,9,0,0,4,6,0,0,0,Children & Family Movies
1993,2017,6,122.0,1,9,3,33,1,1,12,6,0,0,0,Dramas
2020,2020,3,100.0,1,4,1,6,0,0,7,6,0,0,0,Comedies
2014,2019,11,2.0,1,12,1,12,0,0,2,9,1,1,0,Anime Series
2018,2018,11,1.0,1,8,1,8,0,0,11,8,1,1,0,Docuseries
2018,2018,6,95.0,1,8,1,8,0,0,7,8,0,0,0,Comedies
2010,2020,4,121.0,1,10,1,16,0,1,12,4,0,0,0,Dramas
2019,2019,10,123.0,1,1,1,7,0,1,12,8,0,0,0,Dramas
2020,2020,6,1.0,1,4,1,6,0,0,3,9,1,1,0,British TV Shows
2016,2019,11,2.0,1,14,1,10,0,0,2,6,1,1,0,Anime Series
2015,2018,12,90.0,1,8,4,11,1,0,12,5,0,0,0,Dramas
2018,2019,9,102.0,1,8,1,8,0,0,7,9,0,0,0,Comedies
2012,2020,7,151.0,1,10,1,14,0,1,7,6,0,0,0,Comedies
1978,2018,7,97.0,1,10,1,48,0,0,0,5,0,0,0,Action & Adventure
2020,2020,10,123.0,1,10,2,6,1,1,0,5,0,0,0,Action & Adventure
2018,2020,9,96.0,1,4,3,8,1,0,0,4,0,0,0,Action & Adventure
2010,2020,4,132.0,1,4,1,16,0,1,7,8,0,0,0,Comedies
2018,2018,9,108.0,1,10,1,8,0,0,13,8,0,0,0,Horror Movies
2017,2017,5,93.0,1,10,1,9,0,0,12,8,0,0,0,Dramas
2020,2020,5,1.0,1,2,1,6,0,0,28,8,1,1,0,Stand-Up Comedy & Talk Shows
1979,2017,12,1.0,1,8,1,47,0,0,5,9,1,1,0,Classic & Cult TV
2013,2017,3,125.0,1,12,1,13,0,1,12,2,0,0,0,Dramas
1999,2018,4,75.0,1,10,1,27,0,0,4,0,0,0,0,Children & Family Movies
2015,2017,1,1.0,1,11,1,11,0,0,8,8,1,1,0,Crime TV Shows
2020,2020,3,3.0,1,11,1,6,0,0,8,8,1,1,0,Crime TV Shows
2014,2018,11,119.0,1,8,3,12,1,0,24,4,0,0,0,Sci-Fi & Fantasy
2018,2018,7,1.0,1,2,1,8,0,0,11,6,1,1,0,Docuseries
2013,2019,6,107.0,1,10,1,13,0,0,7,6,0,0,0,Comedies
1995,2018,4,78.0,1,8,1,31,0,0,4,0,0,0,0,Children & Family Movies
2015,2017,10,85.0,2,11,2,11,1,0,0,3,0,0,0,Action & Adventure
2017,2019,12,3.0,1,19,1,9,0,0,23,8,1,1,0,Romantic TV Shows
2020,2020,4,4.0,1,6,1,6,0,0,30,8,1,1,0,TV Comedies
2019,2019,4,98.0,1,1,1,7,0,0,10,8,0,0,0,Documentaries
2010,2018,3,137.0,1,7,1,16,0,1,12,9,0,0,0,Dramas
2010,2016,9,84.0,1,1,1,16,0,0,19,8,0,0,0,Movies
2013,2020,7,96.0,1,9,1,13,0,0,7,6,0,0,0,Comedies
2017,2018,9,86.0,1,3,1,9,0,0,13,5,0,0,0,Horror Movies
2018,2019,5,53.0,1,1,1,8,0,0,10,6,0,0,0,Documentaries
2017,2019,1,119.0,2,5,1,9,0,0,12,6,0,0,0,Dramas
2010,2020,6,76.0,1,11,1,16,0,0,12,8,0,0,0,Dramas
1976,2017,9,135.0,1,1,1,50,0,1,7,9,0,0,0,Comedies
2020,2020,2,116.0,1,8,1,6,0,0,12,5,0,0,0,Dramas
2020,2020,9,2.0,1,4,2,6,1,0,3,10,1,1,0,British TV Shows
2019,2019,6,1.0,1,9,1,7,0,0,16,8,1,1,0,International TV Shows
2017,2018,11,92.0,1,6,1,9,0,0,12,9,0,0,0,Dramas
2006,2017,9,95.0,1,11,1,20,0,0,0,9,0,0,0,Action & Adventure
2015,2015,12,60.0,1,1,1,11,0,0,27,8,0,0,0,Stand-Up Comedy
2015,2017,6,102.0,1,1,4,11,1,0,10,6,0,0,0,Documentaries
2020,2020,2,50.0,1,1,1,6,0,0,27,8,0,0,0,Stand-Up Comedy
2018,2019,7,53.0,1,1,1,8,0,0,10,7,0,0,0,Documentaries
2010,2020,6,96.0,1,1,1,16,0,0,12,8,0,0,0,Dramas
2020,2020,2,102.0,1,12,1,6,0,0,7,6,0,0,0,Comedies
2013,2020,12,106.0,1,5,1,13,0,0,7,6,0,0,0,Comedies
2000,2018,8,163.0,1,10,1,26,0,1,12,6,0,0,0,Dramas
1988,2018,1,132.0,1,9,1,38,0,1,7,9,0,0,0,Comedies
2011,2020,1,85.0,1,10,1,15,0,0,0,5,0,0,0,Action & Adventure
2018,2018,5,1.0,1,6,1,8,0,0,16,6,1,1,0,International TV Shows
2019,2020,5,6.0,1,10,1,7,0,0,31,9,1,1,0,TV Dramas
2010,2018,12,95.0,1,7,1,16,0,0,0,8,0,0,0,Action & Adventure
2019,2019,6,1.0,1,1,1,7,0,0,8,8,1,1,0,Crime TV Shows
2020,2020,4,1.0,1,11,1,6,0,0,8,8,1,1,0,Crime TV Shows
2018,2018,11,1.0,1,1,1,8,0,0,11,8,1,1,0,Docuseries
2017,2017,10,81.0,2,3,1,9,0,0,12,8,0,0,0,Dramas
2016,2017,5,96.0,1,8,1,10,0,0,35,5,0,0,0,Thrillers
2009,2021,1,128.0,1,11,4,17,1,1,0,4,0,0,0,Action & Adventure
2006,2019,11,102.0,1,10,2,20,1,0,0,4,0,0,0,Action & Adventure
2017,2018,7,115.0,1,8,1,9,0,0,12,9,0,0,0,Dramas
2018,2018,3,63.0,1,1,1,8,0,0,27,8,0,0,0,Stand-Up Comedy
1990,2019,12,163.0,1,8,1,36,0,1,0,6,0,0,0,Action & Adventure
2015,2020,1,132.0,1,10,3,11,1,1,12,5,0,0,0,Dramas
2018,2018,2,1.0,1,5,1,8,0,0,29,6,1,1,0,TV Action & Adventure
2016,2017,10,102.0,1,6,4,10,1,0,12,8,0,0,0,Dramas
2013,2017,12,106.0,1,5,2,13,1,0,12,8,0,0,0,Dramas
2018,2020,4,92.0,1,9,1,8,0,0,7,6,0,0,0,Comedies
2018,2020,10,115.0,1,9,1,8,0,0,12,6,0,0,0,Dramas
2019,2020,2,82.0,1,8,1,7,0,0,4,7,0,0,0,Children & Family Movies
2010,2020,8,112.0,1,9,1,16,0,0,12,4,0,0,0,Dramas
2019,2019,12,85.0,1,15,1,7,0,0,4,9,0,0,0,Children & Family Movies
2017,2018,7,104.0,1,8,1,9,0,0,12,6,0,0,0,Dramas
2018,2018,3,94.0,1,8,1,8,0,0,0,8,0,0,0,Action & Adventure
2018,2019,5,2.0,1,8,1,8,0,0,8,8,1,1,0,Crime TV Shows
2015,2017,12,1.0,1,1,1,11,0,0,16,8,1,1,0,International TV Shows
2018,2018,5,87.0,1,10,3,8,1,0,4,0,0,0,0,Children & Family Movies
2015,2015,10,3.0,1,19,1,11,0,0,32,8,1,1,0,TV Horror
2021,2021,1,1.0,1,10,1,5,0,0,8,8,1,1,0,Crime TV Shows
2018,2018,8,90.0,1,10,1,8,0,0,7,8,0,0,0,Comedies
2020,2020,11,106.0,1,9,1,6,0,0,12,9,0,0,0,Dramas
2006,2020,4,192.0,1,7,1,20,0,1,12,6,0,0,0,Dramas
2000,2018,4,149.0,1,5,1,26,0,1,12,9,0,0,0,Dramas
2018,2018,3,51.0,2,1,1,8,0,0,27,8,0,0,0,Stand-Up Comedy
2016,2017,2,73.0,2,1,2,10,1,0,10,9,0,0,0,Documentaries
2017,2017,11,96.0,2,6,1,9,0,0,10,6,0,0,0,Documentaries
2018,2018,8,1.0,1,1,2,8,1,0,8,8,1,1,0,Crime TV Shows
2012,2018,10,106.0,1,10,1,14,0,0,7,6,0,0,0,Comedies
2011,2020,3,1.0,1,8,1,15,0,0,17,10,1,1,0,Kids' TV
2018,2019,3,3.0,1,5,1,8,0,0,17,11,1,1,0,Kids' TV
2009,2019,3,1.0,1,8,1,17,0,0,16,8,1,1,0,International TV Shows
2018,2020,8,129.0,1,11,1,8,0,1,12,5,0,0,0,Dramas
2013,2017,4,55.0,1,1,1,13,0,0,10,6,0,0,0,Documentaries
1973,2019,11,89.0,1,5,1,53,0,0,0,3,0,0,0,Action & Adventure
2016,2017,7,108.0,1,4,1,10,0,0,12,6,0,0,0,Dramas
2017,2019,12,134.0,1,8,1,9,0,1,7,6,0,0,0,Comedies
2014,2017,2,92.0,1,8,2,12,1,0,4,10,0,0,0,Children & Family Movies
2015,2017,8,22.0,1,12,1,11,0,0,4,11,0,0,0,Children & Family Movies
2020,2020,5,92.0,1,8,1,6,0,0,12,5,0,0,0,Dramas
2018,2019,2,82.0,2,10,1,8,0,0,7,8,0,0,0,Comedies
2017,2017,2,67.0,1,1,1,9,0,0,27,6,0,0,0,Stand-Up Comedy
2019,2020,4,91.0,1,3,1,7,0,0,1,9,0,0,0,Anime Features
2013,2013,10,72.0,1,1,1,13,0,0,27,2,0,0,0,Stand-Up Comedy
2016,2016,10,97.0,1,11,1,10,0,0,7,8,0,0,0,Comedies
2013,2020,7,137.0,1,12,1,13,0,1,12,9,0,0,0,Dramas
2020,2020,12,1.0,1,20,1,6,0,0,23,8,1,1,0,Romantic TV Shows
2016,2020,7,103.0,1,8,1,10,0,0,12,8,0,0,0,Dramas
2017,2019,2,112.0,1,9,1,9,0,0,12,8,0,0,0,Dramas
2015,2015,6,92.0,1,10,1,11,0,0,12,8,0,0,0,Dramas
2005,2020,7,2.0,1,13,1,21,0,0,2,11,1,1,0,Anime Series
2020,2020,1,61.0,1,1,1,6,0,0,27,8,0,0,0,Stand-Up Comedy
2016,2017,9,114.0,1,8,2,10,1,0,12,5,0,0,0,Dramas
2017,2018,12,5.0,1,14,1,9,0,0,31,9,1,1,0,TV Dramas
2010,2016,9,1.0,1,6,1,16,0,0,16,9,1,1,0,International TV Shows
2015,2018,11,146.0,1,8,1,11,0,1,12,6,0,0,0,Dramas
2016,2018,10,130.0,1,8,1,10,0,1,0,6,0,0,0,Action & Adventure
2019,2019,9,90.0,1,9,1,7,0,0,12,9,0,0,0,Dramas
2011,2019,6,93.0,1,7,1,15,0,0,12,6,0,0,0,Dramas
2017,2018,4,1.0,1,13,1,9,0,0,8,8,1,1,0,Crime TV Shows
2020,2020,7,46.0,2,9,1,6,0,0,4,10,0,0,0,Children & Family Movies
2020,2020,1,145.0,4,10,1,6,0,1,13,8,0,0,0,Horror Movies
2016,2018,4,1.0,1,8,1,10,0,0,16,9,1,1,0,International TV Shows
2020,2020,7,1.0,1,11,2,6,1,0,29,8,1,1,0,TV Action & Adventure
2017,2018,11,1.0,1,7,1,9,0,0,8,8,1,1,0,Crime TV Shows
1999,2018,1,176.0,1,10,1,27,0,1,12,7,0,0,0,Dramas
2019,2020,2,124.0,1,5,1,7,0,1,12,6,0,0,0,Dramas
2017,2018,3,108.0,1,11,1,9,0,0,12,5,0,0,0,Dramas
2020,2020,10,3.0,1,9,1,6,0,0,17,11,1,1,0,Kids' TV
2019,2019,8,66.0,1,1,1,7,0,0,27,8,0,0,0,Stand-Up Comedy
2018,2019,2,80.0,1,8,1,8,0,0,12,9,0,0,0,Dramas
2013,2019,2,127.0,1,12,1,13,0,1,7,9,0,0,0,Comedies
2017,2017,6,104.0,1,1,1,9,0,0,10,9,0,0,0,Documentaries
2020,2020,10,107.0,1,15,1,6,0,0,12,8,0,0,0,Dramas
2020,2020,2,122.0,1,10,1,6,0,1,12,8,0,0,0,Dramas
2016,2018,2,92.0,1,9,3,10,1,0,13,8,0,0,0,Horror Movies
1994,2016,12,1.0,1,1,1,32,0,0,34,7,1,1,0,TV Shows
2019,2019,1,119.0,1,1,2,7,1,0,0,8,0,0,0,Action & Adventure
1991,2018,12,71.0,1,1,1,35,0,0,27,8,0,0,0,Stand-Up Comedy
2019,2019,2,24.0,1,5,2,7,1,0,4,10,0,0,0,Children & Family Movies
2020,2020,11,1.0,1,4,1,6,0,0,8,8,1,1,0,Crime TV Shows
2012,2018,8,88.0,1,10,1,14,0,0,13,5,0,0,0,Horror Movies
2018,2019,5,124.0,1,3,1,8,0,1,12,6,0,0,0,Dramas
2014,2020,8,118.0,1,11,1,12,0,0,12,5,0,0,0,Dramas
2020,2020,4,57.0,2,1,1,6,0,0,10,8,0,0,0,Documentaries
2018,2018,5,63.0,2,1,1,8,0,0,27,8,0,0,0,Stand-Up Comedy
2015,2019,11,2.0,1,13,1,11,0,0,8,8,1,1,0,Crime TV Shows
1998,2018,11,103.0,1,8,1,28,0,0,7,5,0,0,0,Comedies
2013,2018,11,129.0,1,5,1,13,0,1,7,8,0,0,0,Comedies
2017,2018,5,103.0,1,1,1,9,0,0,10,8,0,0,0,Documentaries
2019,2020,7,10.0,1,11,1,7,0,0,30,8,1,0,1,TV Comedies
2012,2019,1,125.0,1,7,2,14,1,1,12,6,0,0,0,Dramas
2012,2018,11,150.0,1,8,1,14,0,1,7,6,0,0,0,Comedies
2018,2019,1,91.0,1,3,1,8,0,0,12,8,0,0,0,Dramas
2020,2020,9,115.0,3,8,1,6,0,0,4,11,0,0,0,Children & Family Movies
2017,2017,12,78.0,1,10,2,9,1,0,13,8,0,0,0,Horror Movies
2014,2019,3,109.0,1,15,1,12,0,0,12,5,0,0,0,Dramas
1986,2018,8,90.0,1,7,2,40,1,0,0,5,0,0,0,Action & Adventure
2017,2018,7,103.0,1,6,1,9,0,0,7,9,0,0,0,Comedies
2014,2019,1,134.0,1,12,1,12,0,1,12,5,0,0,0,Dramas
2019,2019,4,91.0,1,10,1,7,0,0,7,8,0,0,0,Comedies
2019,2019,10,64.0,1,1,1,7,0,0,27,8,0,0,0,Stand-Up Comedy
2019,2019,10,1.0,1,3,1,7,0,0,21,8,1,1,0,Reality TV
2018,2019,7,1.0,1,14,1,8,0,0,16,6,1,1,0,International TV Shows
2015,2019,8,115.0,1,9,2,11,1,0,0,5,0,0,0,Action & Adventure
2018,2018,7,113.0,1,6,1,8,0,0,0,8,0,0,0,Action & Adventure
2020,2020,8,1.0,1,10,1,6,0,0,17,11,1,1,0,Kids' TV
2012,2019,7,94.0,1,9,2,14,1,0,7,4,0,0,0,Comedies
2016,2018,2,133.0,1,4,1,10,0,1,0,2,0,0,0,Action & Adventure
2018,2020,5,109.0,2,8,1,8,0,0,12,6,0,0,0,Dramas
2015,2020,5,80.0,1,10,1,11,0,0,7,6,0,0,0,Comedies
1990,2017,7,2.0,1,26,1,36,0,0,5,6,1,1,0,Classic & Cult TV
2015,2017,9,90.0,1,7,1,11,0,0,12,5,0,0,0,Dramas
2016,2018,7,1.0,1,5,1,10,0,0,16,6,1,1,0,International TV Shows
2019,2019,11,88.0,1,1,1,7,0,0,10,8,0,0,0,Documentaries
2017,2017,10,89.0,1,1,3,9,1,0,10,6,0,0,0,Documentaries
2018,2019,1,1.0,1,4,1,8,0,0,16,8,1,1,0,International TV Shows
2020,2020,5,2.0,1,8,1,6,0,0,17,11,1,1,0,Kids' TV
2020,2020,2,1.0,1,20,1,6,0,0,16,8,1,1,0,International TV Shows
2008,2018,8,158.0,1,8,1,18,0,1,12,8,0,0,0,Dramas
2012,2017,7,1.0,1,7,1,14,0,0,16,6,1,1,0,International TV Shows
2017,2019,2,89.0,1,10,1,9,0,0,13,5,0,0,0,Horror Movies
2015,2018,7,109.0,2,7,1,11,0,0,12,5,0,0,0,Dramas
2020,2020,7,1.0,1,1,1,6,0,0,16,6,1,1,0,International TV Shows
1989,2018,10,72.0,1,9,1,37,0,0,7,6,0,0,0,Comedies
2017,2018,6,74.0,2,1,1,9,0,0,10,7,0,0,0,Documentaries
2018,2018,9,98.0,1,9,1,8,0,0,7,8,0,0,0,Comedies
2004,2019,5,124.0,1,4,1,22,0,1,0,8,0,0,0,Action & Adventure
2017,2019,7,1.0,1,7,1,9,0,0,17,11,1,1,0,Kids' TV
2009,2018,8,108.0,1,10,1,17,0,0,7,5,0,0,0,Comedies
2016,2017,3,2.0,1,6,1,10,0,0,3,8,1,1,0,British TV Shows
2018,2018,12,110.0,1,12,1,8,0,0,7,4,0,0,0,Comedies
2020,2020,5,23.0,1,7,1,6,0,0,4,10,0,0,0,Children & Family Movies
2015,2019,8,105.0,1,9,1,11,0,0,0,5,0,0,0,Action & Adventure
2017,2019,3,128.0,1,8,1,9,0,1,7,8,0,0,0,Comedies
2015,2018,11,81.0,1,10,1,11,0,0,0,8,0,0,0,Action & Adventure
2018,2019,1,116.0,1,7,1,8,0,0,13,6,0,0,0,Horror Movies
2016,2020,10,50.0,1,1,1,10,0,0,15,6,0,0,0,International Movies
2019,2019,4,91.0,1,10,1,7,0,0,7,6,0,0,0,Comedies
2016,2017,1,87.0,1,6,1,10,0,0,12,2,0,0,0,Dramas
2016,2017,11,99.0,1,10,1,10,0,0,10,9,0,0,0,Documentaries
2012,2018,7,58.0,1,1,1,14,0,0,27,8,0,0,0,Stand-Up Comedy
2015,2019,10,1.0,1,8,1,11,0,0,16,6,1,1,0,International TV Shows
2016,2017,11,62.0,1,1,1,10,0,0,10,9,0,0,0,Documentaries
2012,2018,2,150.0,1,14,2,14,1,1,12,4,0,0,0,Dramas
1993,2019,11,141.0,1,11,1,33,0,1,12,4,0,0,0,Dramas
2005,2019,4,141.0,1,10,1,21,0,1,15,6,0,0,0,International Movies
2016,2016,10,96.0,1,10,3,10,1,0,12,8,0,0,0,Dramas
2018,2018,11,129.0,1,8,1,8,0,1,12,6,0,0,0,Dramas
1989,2019,1,127.0,1,10,1,37,0,1,0,4,0,0,0,Action & Adventure
2010,2020,11,105.0,1,8,1,16,0,0,15,6,0,0,0,International Movies
1985,2019,10,90.0,1,10,2,41,1,0,13,8,0,0,0,Horror Movies
2007,2018,5,89.0,1,11,1,19,0,0,27,8,0,0,0,Stand-Up Comedy
2019,2019,8,2.0,1,1,1,7,0,0,3,8,1,1,0,British TV Shows
2018,2019,12,1.0,1,7,1,8,0,0,17,11,1,1,0,Kids' TV
2016,2020,1,131.0,1,8,1,10,0,1,12,5,0,0,0,Dramas
2018,2018,9,114.0,1,9,2,8,1,0,12,8,0,0,0,Dramas
2020,2020,6,2.0,1,13,1,6,0,0,16,8,1,1,0,International TV Shows
2016,2020,1,86.0,1,14,1,10,0,0,12,8,0,0,0,Dramas
2016,2016,5,60.0,1,1,1,10,0,0,27,8,0,0,0,Stand-Up Comedy
2019,2019,9,100.0,1,13,1,7,0,0,12,6,0,0,0,Dramas
2018,2019,6,113.0,2,26,1,8,0,0,4,3,0,0,0,Children & Family Movies
2018,2019,3,108.0,1,9,1,8,0,0,0,8,0,0,0,Action & Adventure
2016,2018,9,135.0,1,9,1,10,0,1,12,9,0,0,0,Dramas
2018,2019,1,136.0,1,10,1,8,0,1,12,8,0,0,0,Dramas
2011,2019,7,1.0,1,12,1,15,0,0,2,6,1,1,0,Anime Series
2019,2020,9,116.0,1,8,1,7,0,0,12,6,0,0,0,Dramas
2020,2020,9,1.0,1,1,1,6,0,0,8,6,1,1,0,Crime TV Shows
2020,2020,12,50.0,1,1,1,6,0,0,27,8,0,0,0,Stand-Up Comedy
2013,2019,3,109.0,1,8,1,13,0,0,7,6,0,0,0,Comedies
2018,2019,10,1.0,1,3,1,8,0,0,16,8,1,1,0,International TV Shows
2015,2020,4,143.0,1,8,1,11,0,1,7,6,0,0,0,Comedies
2003,2018,3,162.0,1,8,1,23,0,1,0,6,0,0,0,Action & Adventure
2017,2017,9,78.0,1,1,1,9,0,0,10,0,0,0,0,Documentaries
2020,2020,9,80.0,1,1,2,6,1,0,10,9,0,0,0,Documentaries
2009,2018,7,114.0,1,10,1,17,0,0,7,6,0,0,0,Comedies
1998,2020,9,6.0,1,7,1,28,0,0,30,7,1,1,0,TV Comedies
2015,2017,11,92.0,1,2,1,11,0,0,7,6,0,0,0,Comedies
2016,2016,3,75.0,2,1,1,10,0,0,10,7,0,0,0,Documentaries
2017,2018,11,11.0,1,1,1,9,0,0,4,10,0,1,1,Children & Family Movies
2012,2017,10,1.0,1,7,1,14,0,0,16,6,1,1,0,International TV Shows
2016,2019,2,1.0,1,4,1,10,0,0,3,6,1,1,0,British TV Shows
2019,2019,8,1.0,7,8,1,7,0,0,16,8,1,1,0,International TV Shows
2008,2018,7,99.0,2,20,1,18,0,0,4,3,0,0,0,Children & Family Movies
2014,2020,6,3.0,1,12,1,12,0,0,16,8,1,1,0,International TV Shows
2017,2018,9,111.0,1,7,1,9,0,0,12,9,0,0,0,Dramas
2020,2020,10,1.0,1,9,1,6,0,0,31,8,1,1,0,TV Dramas
1964,2019,12,228.0,1,8,1,62,0,1,6,6,0,0,0,Classic Movies
2013,2020,11,108.0,1,15,2,13,1,0,0,5,0,0,0,Action & Adventure
2018,2018,7,93.0,1,7,1,8,0,0,15,8,0,0,0,International Movies
2018,2020,12,110.0,1,8,1,8,0,0,4,7,0,0,0,Children & Family Movies
2019,2020,2,1.0,1,1,1,7,0,0,16,6,1,1,0,International TV Shows
2018,2019,3,75.0,3,6,1,8,0,0,4,7,0,0,0,Children & Family Movies
1986,2020,4,6.0,1,9,1,40,0,0,2,6,1,1,0,Anime Series
2020,2020,7,1.0,1,15,1,6,0,0,16,8,1,1,0,International TV Shows
2014,2019,2,107.0,1,10,1,12,0,0,4,3,0,0,0,Children & Family Movies
2017,2020,6,102.0,1,8,1,9,0,0,12,6,0,0,0,Dramas
2014,2017,7,1.0,1,8,1,12,0,0,8,6,1,1,0,Crime TV Shows
2016,2019,3,115.0,1,11,1,10,0,0,0,6,0,0,0,Action & Adventure
2018,2019,11,101.0,1,10,1,8,0,0,7,8,0,0,0,Comedies
2019,2019,6,109.0,1,7,1,7,0,0,0,6,0,0,0,Action & Adventure
2019,2020,11,103.0,1,8,1,7,0,0,12,6,0,0,0,Dramas
2015,2016,10,1.0,1,6,1,11,0,0,16,9,1,1,0,International TV Shows
2020,2020,3,3.0,1,6,1,6,0,0,17,10,1,1,0,Kids' TV
2004,2018,3,46.0,1,10,1,22,0,0,19,8,0,0,0,Movies
2018,2019,8,103.0,1,9,1,8,0,0,13,8,0,0,0,Horror Movies
2019,2019,1,4.0,1,27,1,7,0,0,16,8,1,1,0,International TV Shows
2017,2020,1,2.0,1,8,1,9,0,0,16,6,1,1,0,International TV Shows
2019,2019,7,93.0,1,5,1,7,0,0,12,8,0,0,0,Dramas
2020,2020,9,72.0,1,11,1,6,0,0,4,10,0,0,0,Children & Family Movies
2011,2018,12,122.0,1,9,2,15,1,1,12,6,0,0,0,Dramas
2017,2017,12,92.0,1,1,1,9,0,0,10,8,0,0,0,Documentaries
2015,2016,6,105.0,1,11,2,11,1,0,0,4,0,0,0,Action & Adventure
2020,2020,8,1.0,1,7,1,6,0,0,16,8,1,1,0,International TV Shows
1994,2019,1,154.0,1,12,1,32,0,1,6,5,0,0,0,Classic Movies
2020,2020,10,104.0,1,23,1,6,0,0,7,4,0,0,0,Comedies
2015,2019,10,91.0,1,5,3,11,1,0,0,5,0,0,0,Action & Adventure
2014,2015,4,1.0,1,8,1,12,0,0,23,6,1,1,0,Romantic TV Shows
2020,2020,11,1.0,1,13,1,6,0,0,16,8,1,1,0,International TV Shows
2014,2017,11,113.0,1,7,1,12,0,0,15,8,0,0,0,International Movies
2014,2016,3,1.0,1,6,1,12,0,0,2,6,1,1,0,Anime Series
2012,2017,5,140.0,1,10,1,14,0,1,12,5,0,0,0,Dramas
2019,2020,5,2.0,1,7,1,7,0,0,31,6,1,1,0,TV Dramas
2018,2019,7,136.0,1,10,1,8,0,1,0,6,0,0,0,Action & Adventure
2018,2019,5,108.0,1,8,1,8,0,0,12,8,0,0,0,Dramas
2020,2020,12,59.0,1,3,1,6,0,0,7,8,0,0,0,Comedies
2013,2019,4,123.0,1,10,1,13,0,1,7,5,0,0,0,Comedies
2014,2017,2,1.0,1,7,2,12,1,0,8,6,1,1,0,Crime TV Shows
1997,2016,1,1.0,1,16,2,29,1,0,17,7,1,1,0,Kids' TV
2019,2019,11,106.0,1,9,3,7,1,0,12,6,0,0,0,Dramas
2008,2018,7,95.0,1,11,1,18,0,0,12,6,0,0,0,Dramas
1972,2018,10,1.0,1,6,2,54,1,0,16,8,1,1,0,International TV Shows
2006,2017,12,1.0,1,1,1,20,0,0,3,8,1,1,0,British TV Shows
2017,2018,2,90.0,1,1,1,9,0,0,10,9,0,0,0,Documentaries
2017,2018,1,104.0,1,7,1,9,0,0,4,7,0,0,0,Children & Family Movies
1987,2010,11,84.0,1,10,1,39,0,0,9,2,0,0,0,Cult Movies
2020,2020,10,46.0,1,9,1,6,0,0,4,10,0,0,0,Children & Family Movies
2016,2017,8,95.0,1,8,1,10,0,0,12,8,0,0,0,Dramas
2007,2017,1,92.0,2,10,2,19,1,0,4,3,0,0,0,Children & Family Movies
2017,2018,1,94.0,1,1,1,9,0,0,10,9,0,0,0,Documentaries
2014,2015,3,77.0,1,13,1,12,0,0,10,9,0,0,0,Documentaries
2017,2017,1,69.0,1,1,1,9,0,0,27,8,0,0,0,Stand-Up Comedy
2017,2018,1,68.0,1,1,1,9,0,0,10,6,0,0,0,Documentaries
2017,2021,1,71.0,1,9,1,9,0,0,12,5,0,0,0,Dramas
2018,2018,12,99.0,2,1,1,8,0,0,10,6,0,0,0,Documentaries
2019,2019,10,1.0,1,7,1,7,0,0,16,9,1,1,0,International TV Shows
2016,2019,9,1.0,1,1,1,10,0,0,11,9,1,1,0,Docuseries
2015,2015,7,92.0,2,1,1,11,0,0,10,6,0,0,0,Documentaries
2016,2019,10,1.0,1,10,1,10,0,0,16,8,1,1,0,International TV Shows
2014,2020,8,2.0,1,12,1,12,0,0,16,6,1,1,0,International TV Shows
2019,2019,7,59.0,1,1,1,7,0,0,27,8,0,0,0,Stand-Up Comedy
2016,2018,7,104.0,1,6,1,10,0,0,12,6,0,0,0,Dramas
2019,2020,11,1.0,1,7,2,7,1,0,17,10,1,1,0,Kids' TV
2018,2020,8,81.0,2,1,1,8,0,0,4,9,0,0,0,Children & Family Movies
2016,2017,10,75.0,1,8,2,10,1,0,4,10,0,0,0,Children & Family Movies
2015,2017,3,1.0,1,8,1,11,0,0,16,8,1,1,0,International TV Shows
2019,2020,2,101.0,1,8,1,7,0,0,15,6,0,0,0,International Movies
2012,2017,5,1.0,1,1,1,14,0,0,11,9,1,1,0,Docuseries
2019,2019,11,91.0,1,6,1,7,0,0,4,9,0,0,0,Children & Family Movies
2020,2020,12,4.0,1,14,1,6,0,0,32,6,1,1,0,TV Horror
2018,2018,9,1.0,1,9,1,8,0,0,30,8,1,1,0,TV Comedies
2020,2020,8,2.0,1,6,1,6,0,0,8,8,1,1,0,Crime TV Shows
2019,2019,2,84.0,1,12,1,7,0,0,12,8,0,0,0,Dramas
2014,2014,10,71.0,1,8,1,12,0,0,4,3,0,0,0,Children & Family Movies
2018,2019,5,62.0,2,9,1,8,0,0,4,11,0,0,0,Children & Family Movies
2013,2018,12,90.0,1,9,2,13,1,0,0,5,0,0,0,Action & Adventure
2013,2019,7,61.0,1,1,2,13,1,0,10,8,0,0,0,Documentaries
2010,2018,4,87.0,1,10,2,16,1,0,4,7,0,0,0,Children & Family Movies
2019,2019,12,86.0,1,8,1,7,0,0,4,3,0,0,0,Children & Family Movies
2019,2019,3,1.0,1,14,1,7,0,0,16,8,1,1,0,International TV Shows
2017,2017,11,76.0,1,1,1,9,0,0,27,8,0,0,0,Stand-Up Comedy
2013,2019,2,1.0,1,1,1,13,0,0,3,8,1,1,0,British TV Shows
2012,2021,1,94.0,1,10,2,14,1,0,7,5,0,0,0,Comedies
2020,2020,9,1.0,1,1,1,6,0,0,11,6,1,1,0,Docuseries
2017,2018,3,2.0,1,18,1,9,0,0,3,8,1,1,0,British TV Shows
2016,2018,1,97.0,1,7,1,10,0,0,13,4,0,0,0,Horror Movies
2018,2021,1,99.0,1,10,2,8,1,0,12,8,0,0,0,Dramas
2012,2020,4,106.0,1,10,1,14,0,0,0,6,0,0,0,Action & Adventure
2018,2018,9,2.0,1,11,1,8,0,0,17,11,1,1,0,Kids' TV
2020,2020,6,3.0,1,14,1,6,0,0,2,8,1,1,0,Anime Series
2018,2018,3,88.0,1,1,1,8,0,0,10,6,0,0,0,Documentaries
1984,2020,4,170.0,1,10,1,42,0,1,0,6,0,0,0,Action & Adventure
2017,2018,1,1.0,1,11,1,9,0,0,16,8,1,1,0,International TV Shows
2016,2019,4,1.0,1,1,1,10,0,0,3,9,1,1,0,British TV Shows
2018,2019,2,91.0,1,7,1,8,0,0,13,8,0,0,0,Horror Movies
2016,2017,3,1.0,1,1,1,10,0,0,21,9,1,1,0,Reality TV
2018,2018,9,1.0,1,1,1,8,0,0,3,8,1,1,0,British TV Shows
2018,2019,4,131.0,1,8,1,8,0,1,12,6,0,0,0,Dramas
1981,2016,11,86.0,1,7,1,45,0,0,6,2,0,0,0,Classic Movies
2019,2019,12,97.0,1,9,1,7,0,0,12,4,0,0,0,Dramas
2018,2019,9,133.0,1,6,1,8,0,1,7,6,0,0,0,Comedies
2017,2018,8,126.0,1,6,1,9,0,1,12,6,0,0,0,Dramas
2017,2018,2,87.0,1,11,1,9,0,0,35,6,0,0,0,Thrillers
2016,2017,3,118.0,1,4,1,10,0,0,12,2,0,0,0,Dramas
2000,2018,10,56.0,1,6,1,26,0,0,7,8,0,0,0,Comedies
2017,2018,7,113.0,1,7,1,9,0,0,7,6,0,0,0,Comedies
2018,2019,4,1.0,1,1,1,8,0,0,16,8,1,1,0,International TV Shows
2007,2019,4,126.0,1,10,1,19,0,1,12,4,0,0,0,Dramas
2009,2009,11,29.0,1,6,1,17,0,0,13,8,0,0,0,Horror Movies
2020,2020,4,138.0,1,5,1,6,0,1,0,6,0,0,0,Action & Adventure
2020,2020,9,1.0,1,3,1,6,0,0,17,10,1,1,0,Kids' TV
2020,2020,12,1.0,1,10,1,6,0,0,16,6,1,1,0,International TV Shows
2017,2017,12,85.0,1,6,1,9,0,0,22,6,0,0,0,Romantic Movies
2019,2019,5,38.0,1,1,1,7,0,0,10,9,0,0,0,Documentaries
2020,2020,6,52.0,1,1,1,6,0,0,27,8,0,0,0,Stand-Up Comedy
2018,2019,2,130.0,1,14,1,8,0,1,7,8,0,0,0,Comedies
2014,2019,3,92.0,1,9,1,12,0,0,7,4,0,0,0,Comedies
1982,2018,10,80.0,2,8,1,44,0,0,7,5,0,0,0,Comedies
2016,2016,8,75.0,1,2,1,10,0,0,27,6,0,0,0,Stand-Up Comedy
2018,2020,1,1.0,1,1,1,8,0,0,8,6,1,1,0,Crime TV Shows
1979,2019,12,137.0,1,10,1,47,0,1,6,9,0,0,0,Classic Movies
2016,2017,4,81.0,1,7,1,10,0,0,12,8,0,0,0,Dramas
2015,2019,11,2.0,1,24,1,11,0,0,2,6,1,1,0,Anime Series
2017,2019,12,106.0,1,15,1,9,0,0,0,8,0,0,0,Action & Adventure
2017,2020,10,114.0,1,7,1,9,0,0,12,6,0,0,0,Dramas
2006,2018,11,45.0,1,2,1,20,0,0,27,8,0,0,0,Stand-Up Comedy
2020,2020,8,1.0,1,13,1,6,0,0,30,8,1,1,0,TV Comedies
2018,2019,11,74.0,1,1,2,8,1,0,10,6,0,0,0,Documentaries
2008,2019,11,120.0,1,11,2,18,1,0,12,5,0,0,0,Dramas
2018,2019,4,126.0,2,5,1,8,0,1,13,8,0,0,0,Horror Movies
2014,2018,8,154.0,1,6,1,12,0,1,12,8,0,0,0,Dramas
2017,2017,6,12.0,1,11,2,9,1,0,8,6,1,0,1,Crime TV Shows
2018,2018,8,1.0,1,12,1,8,0,0,3,8,1,1,0,British TV Shows
2020,2020,1,1.0,1,1,1,6,0,0,11,9,1,1,0,Docuseries
2019,2020,1,156.0,1,8,1,7,0,1,12,8,0,0,0,Dramas
2019,2019,9,67.0,1,1,2,7,1,0,27,8,0,0,0,Stand-Up Comedy
2017,2019,6,84.0,1,4,1,9,0,0,7,6,0,0,0,Comedies
2016,2017,2,92.0,1,8,1,10,0,0,15,8,0,0,0,International Movies
2017,2018,3,145.0,1,8,1,9,0,1,0,6,0,0,0,Action & Adventure
2009,2019,11,85.0,2,8,1,17,0,0,13,4,0,0,0,Horror Movies
1977,2019,12,123.0,1,8,1,49,0,1,12,9,0,0,0,Dramas
2018,2019,7,1.0,1,22,1,8,0,0,2,8,1,1,0,Anime Series
2004,2019,12,158.0,1,8,1,22,0,1,7,9,0,0,0,Comedies
2020,2020,10,105.0,1,9,1,6,0,0,7,8,0,0,0,Comedies
2016,2018,3,91.0,1,7,1,10,0,0,7,8,0,0,0,Comedies
2010,2017,3,87.0,1,1,2,16,1,0,10,7,0,0,0,Documentaries
2015,2016,2,3.0,1,1,1,11,0,0,17,11,1,1,0,Kids' TV
2019,2020,2,8.0,1,17,1,7,0,0,8,6,1,1,0,Crime TV Shows
2018,2019,2,66.0,2,10,1,8,0,0,10,9,0,0,0,Documentaries
2016,2017,2,123.0,1,10,1,10,0,1,0,2,0,0,0,Action & Adventure
2017,2018,3,87.0,1,6,1,9,0,0,7,8,0,0,0,Comedies
2015,2017,8,92.0,1,9,1,11,0,0,12,4,0,0,0,Dramas
2018,2018,8,88.0,2,2,1,8,0,0,10,8,0,0,0,Documentaries
1990,2019,11,116.0,1,15,1,36,0,0,10,6,0,0,0,Documentaries
2019,2019,12,1.0,1,1,1,7,0,0,11,8,1,1,0,Docuseries
2017,2018,6,1.0,1,5,1,9,0,0,16,8,1,1,0,International TV Shows
2015,2015,11,91.0,1,7,1,11,0,0,7,8,0,0,0,Comedies
2019,2019,11,93.0,1,15,1,7,0,0,7,4,0,0,0,Comedies
2020,2020,9,4.0,1,7,1,6,0,0,30,9,1,1,0,TV Comedies
1976,2019,11,118.0,1,9,1,50,0,0,0,3,0,0,0,Action & Adventure
2017,2018,1,50.0,2,1,1,9,0,0,10,6,0,0,0,Documentaries
2020,2020,12,68.0,1,1,1,6,0,0,27,8,0,0,0,Stand-Up Comedy
2018,2018,12,87.0,1,1,1,8,0,0,10,8,0,0,0,Documentaries
2013,2020,6,85.0,1,23,2,13,1,0,4,3,0,0,0,Children & Family Movies
2017,2018,3,103.0,1,11,1,9,0,0,0,5,0,0,0,Action & Adventure
2018,2018,5,1.0,1,3,1,8,0,0,16,8,1,1,0,International TV Shows
2016,2017,2,88.0,1,6,1,10,0,0,7,8,0,0,0,Comedies
2017,2017,1,57.0,1,1,1,9,0,0,27,8,0,0,0,Stand-Up Comedy
2019,2020,4,111.0,1,8,1,7,0,0,12,8,0,0,0,Dramas
2017,2019,2,1.0,1,5,1,9,0,0,16,8,1,1,0,International TV Shows
2016,2019,8,67.0,1,1,1,10,0,0,27,8,0,0,0,Stand-Up Comedy
2002,2019,11,99.0,1,9,1,24,0,0,0,4,0,0,0,Action & Adventure
2020,2020,12,57.0,2,9,1,6,0,0,20,6,0,0,0,Music & Musicals
2015,2017,4,95.0,1,7,1,11,0,0,12,8,0,0,0,Dramas
2011,2016,1,1.0,1,1,6,15,1,0,3,9,1,1,0,British TV Shows
2009,2020,5,1.0,1,8,1,17,0,0,16,6,1,1,0,International TV Shows
2020,2020,2,1.0,1,1,1,6,0,0,8,8,1,1,0,Crime TV Shows
2020,2020,2,1.0,1,9,1,6,0,0,16,8,1,1,0,International TV Shows
2016,2018,7,1.0,1,6,1,10,0,0,8,8,1,1,0,Crime TV Shows
2001,2018,4,75.0,1,10,1,25,0,0,4,0,0,0,0,Children & Family Movies
2020,2020,4,1.0,1,13,2,6,1,0,2,6,1,1,0,Anime Series
2018,2018,6,1.0,1,5,1,8,0,0,17,10,1,1,0,Kids' TV
2020,2019,11,1.0,1,1,3,6,1,0,11,8,1,1,0,Docuseries
2016,2017,8,94.0,1,10,1,10,0,0,7,6,0,0,0,Comedies
2015,2018,10,92.0,1,4,1,11,0,0,7,6,0,0,0,Comedies
2018,2018,2,6.0,1,6,1,8,0,0,17,11,1,1,0,Kids' TV
2007,2020,10,110.0,1,10,2,19,1,0,0,4,0,0,0,Action & Adventure
2020,2020,3,75.0,2,7,2,6,1,0,0,8,0,0,0,Action & Adventure
2018,2019,2,102.0,2,10,1,8,0,0,0,8,0,0,0,Action & Adventure
1998,2021,1,101.0,2,11,1,28,0,0,7,4,0,0,0,Comedies
2008,2018,8,1.0,1,9,1,18,0,0,8,8,1,1,0,Crime TV Shows
2018,2018,11,91.0,1,6,1,8,0,0,15,9,0,0,0,International Movies
2015,2017,7,99.0,1,1,1,11,0,0,10,8,0,0,0,Documentaries
2017,2017,12,82.0,1,8,1,9,0,0,7,5,0,0,0,Comedies
2017,2018,2,1.0,1,1,1,9,0,0,16,8,1,1,0,International TV Shows
2005,2020,4,208.0,1,10,3,21,1,1,10,8,0,0,0,Documentaries
2007,2018,7,130.0,1,8,1,19,0,1,7,6,0,0,0,Comedies
2019,2019,12,108.0,1,14,1,7,0,0,4,6,0,0,0,Children & Family Movies
2019,2019,8,86.0,1,14,1,7,0,0,7,8,0,0,0,Comedies
2018,2019,1,137.0,1,10,1,8,0,1,12,8,0,0,0,Dramas
2016,2019,10,1.0,1,8,1,10,0,0,16,6,1,1,0,International TV Shows
2018,2018,9,1.0,1,4,1,8,0,0,8,6,1,1,0,Crime TV Shows
2007,2020,9,143.0,1,9,1,19,0,1,7,6,0,0,0,Comedies
2014,2017,8,1.0,1,8,1,12,0,0,16,6,1,1,0,International TV Shows
2018,2018,11,114.0,1,7,1,8,0,0,13,8,0,0,0,Horror Movies
2017,2018,6,86.0,1,17,1,9,0,0,4,3,0,0,0,Children & Family Movies
2018,2019,12,108.0,1,8,1,8,0,0,12,8,0,0,0,Dramas
2015,2016,4,86.0,3,1,1,11,0,0,10,2,0,0,0,Documentaries
2017,2017,6,92.0,2,1,1,9,0,0,10,9,0,0,0,Documentaries
1991,2011,10,93.0,1,8,1,35,0,0,12,9,0,0,0,Dramas
2013,2018,8,119.0,1,10,1,13,0,0,0,6,0,0,0,Action & Adventure
2013,2018,10,115.0,1,8,1,13,0,0,12,6,0,0,0,Dramas
2007,2020,6,102.0,1,5,1,19,0,0,4,3,0,0,0,Children & Family Movies
1994,2019,8,118.0,1,13,1,32,0,0,6,5,0,0,0,Classic Movies
2017,2019,4,1.0,1,1,1,9,0,0,11,8,1,1,0,Docuseries
2017,2019,12,115.0,1,8,1,9,0,0,12,8,0,0,0,Dramas
2020,2020,10,1.0,1,14,1,6,0,0,21,8,1,1,0,Reality TV
2018,2018,9,110.0,1,15,1,8,0,0,4,3,0,0,0,Children & Family Movies
2018,2018,6,89.0,1,8,2,8,1,0,7,6,0,0,0,Comedies
2019,2019,8,1.0,1,6,1,7,0,0,17,11,1,1,0,Kids' TV
2018,2018,3,102.0,1,14,1,8,0,0,0,8,0,0,0,Action & Adventure
2018,2018,12,73.0,1,1,1,8,0,0,10,9,0,0,0,Documentaries
2016,2017,9,103.0,2,1,1,10,0,0,10,8,0,0,0,Documentaries
2020,2020,12,2.0,1,5,1,6,0,0,17,7,1,1,0,Kids' TV
2018,2018,5,58.0,1,1,1,8,0,0,27,6,0,0,0,Stand-Up Comedy
2019,2019,11,2.0,1,12,1,7,0,0,16,8,1,1,0,International TV Shows
2019,2019,8,97.0,1,1,1,7,0,0,10,8,0,0,0,Documentaries
2018,2018,1,6.0,1,7,1,8,0,0,17,11,1,1,0,Kids' TV
2019,2019,3,1.0,1,14,1,7,0,0,8,8,1,1,0,Crime TV Shows
2017,2019,12,126.0,1,7,1,9,0,1,12,8,0,0,0,Dramas
1990,2011,10,94.0,1,8,1,36,0,0,12,6,0,0,0,Dramas
1997,2016,1,1.0,1,15,3,29,1,0,17,11,1,1,0,Kids' TV
2017,2017,5,72.0,2,1,1,9,0,0,27,8,0,0,0,Stand-Up Comedy
2014,2020,4,114.0,1,8,1,12,0,0,7,6,0,0,0,Comedies
2015,2019,5,1.0,1,9,1,11,0,0,16,9,1,1,0,International TV Shows
2020,2020,12,106.0,1,10,1,6,0,0,7,8,0,0,0,Comedies
2017,2018,7,108.0,1,6,5,9,1,0,12,8,0,0,0,Dramas
2017,2017,7,108.0,1,9,1,9,0,0,12,8,0,0,0,Dramas
2010,2019,9,102.0,1,9,1,16,0,0,12,4,0,0,0,Dramas
2018,2019,6,81.0,1,10,1,8,0,0,22,8,0,0,0,Romantic Movies
2015,2020,6,3.0,1,9,1,11,0,0,32,8,1,1,0,TV Horror
2018,2018,10,1.0,1,19,1,8,0,0,8,8,1,1,0,Crime TV Shows
2019,2020,5,112.0,1,11,2,7,1,0,12,8,0,0,0,Dramas
1996,2018,1,94.0,1,8,1,30,0,0,35,5,0,0,0,Thrillers
2018,2019,8,105.0,1,1,1,8,0,0,10,8,0,0,0,Documentaries
2017,2017,12,1.0,1,6,1,9,0,0,16,6,1,1,0,International TV Shows
2012,2020,8,1.0,1,2,1,14,0,0,3,9,1,1,0,British TV Shows
2012,2017,8,172.0,3,10,4,14,1,1,0,5,0,0,0,Action & Adventure
2014,2017,10,118.0,1,8,1,12,0,0,13,8,0,0,0,Horror Movies
2020,2020,8,1.0,1,11,1,6,0,0,17,10,1,1,0,Kids' TV
2014,2014,9,100.0,2,1,1,12,0,0,10,6,0,0,0,Documentaries
2017,2019,2,1.0,1,8,1,9,0,0,16,6,1,1,0,International TV Shows
2009,2017,11,1.0,1,9,1,17,0,0,16,6,1,1,0,International TV Shows
2019,2020,7,97.0,1,10,1,7,0,0,12,8,0,0,0,Dramas
2017,2017,6,92.0,2,5,2,9,1,0,12,6,0,0,0,Dramas
2016,2016,12,72.0,1,4,1,10,0,0,12,6,0,0,0,Dramas
1998,2014,11,5.0,1,1,1,28,0,0,17,7,1,1,0,Kids' TV
2017,2019,9,98.0,1,10,1,9,0,0,7,6,0,0,0,Comedies
2020,2020,7,136.0,1,9,1,6,0,1,12,8,0,0,0,Dramas
2011,2020,9,104.0,1,16,1,15,0,0,4,3,0,0,0,Children & Family Movies
2020,2020,2,162.0,1,7,1,6,0,1,0,6,0,0,0,Action & Adventure
2018,2019,3,1.0,1,9,1,8,0,0,30,6,1,1,0,TV Comedies
2017,2018,1,100.0,1,1,1,9,0,0,10,8,0,0,0,Documentaries
2015,2016,6,79.0,1,1,1,11,0,0,10,9,0,0,0,Documentaries
2014,2018,2,1.0,1,1,1,12,0,0,11,9,1,1,0,Docuseries
2020,2020,11,112.0,1,8,1,6,0,0,15,8,0,0,0,International Movies
2016,2016,12,81.0,1,2,1,10,0,0,10,8,0,0,0,Documentaries
2009,2020,6,113.0,1,10,1,17,0,0,7,5,0,0,0,Comedies
2012,2017,3,100.0,1,11,1,14,0,0,7,8,0,0,0,Comedies
2019,2019,12,89.0,1,10,1,7,0,0,7,8,0,0,0,Comedies
2015,2017,10,1.0,1,1,1,11,0,0,16,9,1,1,0,International TV Shows
2020,2020,12,60.0,1,1,1,6,0,0,7,8,0,0,0,Comedies
2016,2017,6,1.0,1,4,1,10,0,0,16,9,1,1,0,International TV Shows
2018,2018,12,312.0,1,5,1,8,0,1,12,8,0,0,0,Dramas
2005,2019,11,55.0,1,2,1,21,0,0,10,6,0,0,0,Documentaries
2020,2020,8,88.0,1,7,1,6,0,0,13,8,0,0,0,Horror Movies
2017,2018,7,109.0,1,6,1,9,0,0,12,9,0,0,0,Dramas
2018,2019,4,103.0,1,9,2,8,1,0,0,8,0,0,0,Action & Adventure
2010,2020,12,1.0,1,1,1,16,0,0,21,6,1,1,0,Reality TV
2007,2020,7,128.0,1,12,2,19,1,1,0,4,0,0,0,Action & Adventure
2019,2020,5,110.0,1,7,1,7,0,0,0,6,0,0,0,Action & Adventure
2019,2020,12,125.0,1,11,8,7,1,1,12,6,0,0,0,Dramas
2016,2016,9,78.0,1,1,1,10,0,0,27,8,0,0,0,Stand-Up Comedy
1997,2019,11,119.0,1,5,1,29,0,0,12,5,0,0,0,Dramas
2020,2020,11,1.0,1,1,1,6,0,0,2,11,1,1,0,Anime Series
2003,2019,11,1.0,1,8,1,23,0,0,16,6,1,1,0,International TV Shows
2010,2020,5,129.0,1,10,1,16,0,1,4,9,0,0,0,Children & Family Movies
2017,2017,6,5.0,1,7,1,9,0,0,30,6,1,1,0,TV Comedies
2020,2021,1,101.0,2,10,1,6,0,0,7,6,0,0,0,Comedies
2016,2020,8,1.0,1,11,1,10,0,0,16,6,1,1,0,International TV Shows
2010,2018,8,79.0,1,10,2,16,1,0,4,11,0,0,0,Children & Family Movies
2018,2020,11,86.0,1,8,1,8,0,0,7,9,0,0,0,Comedies
2020,2020,1,90.0,1,10,1,6,0,0,7,6,0,0,0,Comedies
2019,2019,3,132.0,1,8,1,7,0,1,12,5,0,0,0,Dramas
2010,2016,10,100.0,1,6,1,16,0,0,12,8,0,0,0,Dramas
1963,2017,7,4.0,1,1,1,63,0,0,5,6,1,1,0,Classic & Cult TV
2017,2017,11,1.0,1,1,1,9,0,0,16,6,1,1,0,International TV Shows
2020,2020,12,9.0,1,1,1,6,0,0,4,0,0,1,1,Children & Family Movies
2020,2020,10,84.0,3,1,2,6,1,0,10,3,0,0,0,Documentaries
2018,2018,11,1.0,1,6,1,8,0,0,8,8,1,1,0,Crime TV Shows
2015,2017,3,1.0,1,10,1,11,0,0,3,8,1,1,0,British TV Shows
2015,2016,8,1.0,1,10,1,11,0,0,3,6,1,1,0,British TV Shows
2011,2018,1,115.0,1,7,1,15,0,0,7,6,0,0,0,Comedies
1974,2019,6,103.0,1,8,1,52,0,0,12,13,0,0,0,Dramas
2004,2018,1,123.0,2,8,1,22,0,1,12,9,0,0,0,Dramas
2020,2020,11,98.0,1,9,1,6,0,0,0,5,0,0,0,Action & Adventure
2018,2019,5,92.0,1,10,1,8,0,0,0,6,0,0,0,Action & Adventure
2015,2017,9,95.0,1,8,4,11,1,0,0,5,0,0,0,Action & Adventure
2008,2018,7,114.0,1,14,1,18,0,0,12,4,0,0,0,Dramas
2019,2020,1,1.0,1,15,1,7,0,0,16,8,1,1,0,International TV Shows
2017,2018,4,92.0,1,10,1,9,0,0,12,8,0,0,0,Dramas
2015,2017,5,1.0,1,4,1,11,0,0,16,11,1,1,0,International TV Shows
2020,2020,5,90.0,1,10,1,6,0,0,7,8,0,0,0,Comedies
2019,2020,6,117.0,1,7,1,7,0,0,7,6,0,0,0,Comedies
2003,2019,11,138.0,2,12,1,23,0,1,0,5,0,0,0,Action & Adventure
1998,2017,3,90.0,1,10,1,28,0,0,7,4,0,0,0,Comedies
2015,2018,3,81.0,1,4,1,11,0,0,15,8,0,0,0,International Movies
2018,2018,10,89.0,1,6,1,8,0,0,13,8,0,0,0,Horror Movies
2006,2020,6,95.0,1,6,2,20,1,0,7,9,0,0,0,Comedies
2018,2018,11,114.0,1,3,1,8,0,0,12,8,0,0,0,Dramas
2010,2018,10,137.0,1,10,1,16,0,1,12,8,0,0,0,Dramas
2017,2017,12,70.0,1,1,1,9,0,0,27,8,0,0,0,Stand-Up Comedy
2018,2018,8,1.0,1,1,1,8,0,0,11,7,1,1,0,Docuseries
2013,2017,2,93.0,2,10,2,13,1,0,4,3,0,0,0,Children & Family Movies
2016,2019,4,2.0,1,25,1,10,0,0,16,8,1,1,0,International TV Shows
2019,2018,5,5.0,1,10,1,7,0,0,30,8,1,1,0,TV Comedies
2017,2018,2,100.0,1,14,1,9,0,0,12,6,0,0,0,Dramas
1967,2021,1,127.0,1,12,1,59,0,1,6,6,0,0,0,Classic Movies
2014,2017,2,1.0,1,1,1,12,0,0,11,9,1,1,0,Docuseries
2017,2019,6,1.0,1,5,1,9,0,0,8,8,1,1,0,Crime TV Shows
2020,2020,11,22.0,2,10,1,6,0,0,4,10,0,0,0,Children & Family Movies
2009,2018,12,87.0,1,7,1,17,0,0,15,8,0,0,0,International Movies
2005,2018,3,161.0,1,8,1,21,0,1,7,9,0,0,0,Comedies
2003,2020,5,105.0,1,8,2,23,1,0,4,3,0,0,0,Children & Family Movies
2019,2019,9,82.0,1,10,1,7,0,0,12,8,0,0,0,Dramas
2013,2019,2,125.0,1,8,1,13,0,1,7,6,0,0,0,Comedies
2014,2018,11,95.0,1,5,1,12,0,0,7,9,0,0,0,Comedies
2008,2020,11,107.0,1,11,1,18,0,0,15,7,0,0,0,International Movies
2003,2020,1,111.0,1,10,2,23,1,0,0,5,0,0,0,Action & Adventure
2010,2018,7,102.0,1,7,1,16,0,0,7,8,0,0,0,Comedies
2009,2020,11,91.0,1,12,1,17,0,0,0,3,0,0,0,Action & Adventure
2003,2020,1,201.0,1,12,2,23,1,1,0,4,0,0,0,Action & Adventure
2002,2019,8,167.0,1,10,2,24,1,1,12,5,0,0,0,Dramas
2017,2019,5,1.0,1,6,1,9,0,0,17,10,1,1,0,Kids' TV
2004,2019,10,125.0,1,10,1,22,0,1,0,4,0,0,0,Action & Adventure
2015,2015,10,64.0,1,1,1,11,0,0,27,6,0,0,0,Stand-Up Comedy
2017,2017,8,1.0,1,15,1,9,0,0,8,8,1,1,0,Crime TV Shows
1975,2017,4,134.0,1,10,1,51,0,1,0,6,0,0,0,Action & Adventure
2001,2020,9,104.0,1,10,1,25,0,0,7,4,0,0,0,Comedies
2010,2017,8,1.0,1,6,1,16,0,0,16,6,1,1,0,International TV Shows
2009,2020,6,83.0,2,19,1,17,0,0,0,4,0,0,0,Action & Adventure
2011,2019,3,103.0,1,9,1,15,0,0,12,8,0,0,0,Dramas
2016,2018,8,168.0,1,8,1,10,0,1,0,6,0,0,0,Action & Adventure
2017,2017,8,70.0,1,6,1,9,0,0,10,8,0,0,0,Documentaries
2020,2020,12,1.0,1,1,1,6,0,0,16,8,1,1,0,International TV Shows
2018,2018,9,128.0,1,8,1,8,0,1,0,6,0,0,0,Action & Adventure
2015,2016,6,99.0,1,8,1,11,0,0,12,8,0,0,0,Dramas
2015,2020,2,96.0,1,8,1,11,0,0,0,5,0,0,0,Action & Adventure
2011,2020,4,91.0,1,11,1,15,0,0,35,4,0,0,0,Thrillers
2011,2017,8,1.0,1,8,1,15,0,0,16,6,1,1,0,International TV Shows
2016,2019,5,1.0,1,4,1,10,0,0,16,9,1,1,0,International TV Shows
2013,2019,6,93.0,1,13,1,13,0,0,13,8,0,0,0,Horror Movies
2019,2019,6,1.0,1,9,1,7,0,0,16,8,1,1,0,International TV Shows
2017,2017,11,73.0,1,1,1,9,0,0,10,9,0,0,0,Documentaries
1982,2019,8,100.0,1,9,1,44,0,0,12,3,0,0,0,Dramas
2018,2020,8,87.0,1,8,1,8,0,0,12,8,0,0,0,Dramas
2019,2020,4,120.0,1,10,1,7,0,0,7,9,0,0,0,Comedies
2017,2019,1,1.0,1,6,1,9,0,0,16,6,1,1,0,International TV Shows
2016,2018,3,99.0,1,10,4,10,1,0,12,8,0,0,0,Dramas
2003,2018,3,157.0,2,10,1,23,0,1,7,6,0,0,0,Comedies
2017,2019,1,99.0,1,9,1,9,0,0,13,8,0,0,0,Horror Movies
2019,2020,2,148.0,1,7,1,7,0,1,15,6,0,0,0,International Movies
2020,2020,12,8.0,2,1,1,6,0,0,12,4,0,0,0,Dramas
2018,2019,10,1.0,1,12,1,8,0,0,8,8,1,1,0,Crime TV Shows
2018,2019,3,131.0,1,8,1,8,0,1,12,6,0,0,0,Dramas
2002,2016,1,1.0,1,11,4,24,1,0,17,11,1,1,0,Kids' TV
2020,2020,12,1.0,1,6,1,6,0,0,16,8,1,1,0,International TV Shows
2016,2017,8,81.0,1,9,2,10,1,0,12,8,0,0,0,Dramas
2008,2019,1,141.0,1,10,1,18,0,1,12,6,0,0,0,Dramas
2016,2017,8,92.0,1,11,1,10,0,0,4,7,0,0,0,Children & Family Movies
2018,2019,1,118.0,1,10,1,8,0,0,4,3,0,0,0,Children & Family Movies
2005,2016,8,1.0,1,1,1,21,0,0,3,6,1,1,0,British TV Shows
2018,2018,8,101.0,1,8,1,8,0,0,7,8,0,0,0,Comedies
2019,2019,7,87.0,1,7,2,7,1,0,0,8,0,0,0,Action & Adventure
2017,2017,1,91.0,1,7,1,9,0,0,15,8,0,0,0,International Movies
2016,2017,6,119.0,2,9,1,10,0,0,0,8,0,0,0,Action & Adventure
2019,2019,12,60.0,1,1,1,7,0,0,27,8,0,0,0,Stand-Up Comedy
2014,2018,1,74.0,2,13,1,12,0,0,4,11,0,0,0,Children & Family Movies
2020,2020,4,1.0,1,7,1,6,0,0,8,6,1,1,0,Crime TV Shows
2019,2019,3,108.0,1,6,1,7,0,0,7,8,0,0,0,Comedies
2018,2018,8,1.0,1,1,1,8,0,0,11,6,1,1,0,Docuseries
1976,2020,6,124.0,1,7,1,50,0,1,12,8,0,0,0,Dramas
2019,2019,7,79.0,1,9,1,7,0,0,12,8,0,0,0,Dramas
2017,2018,11,106.0,1,10,1,9,0,0,7,8,0,0,0,Comedies
2020,2020,9,93.0,1,9,1,6,0,0,12,8,0,0,0,Dramas
2018,2018,11,59.0,1,1,1,8,0,0,10,6,0,0,0,Documentaries
2020,2020,9,8.0,1,4,1,6,0,0,3,6,1,1,0,British TV Shows
2016,2016,10,73.0,1,1,1,10,0,0,27,8,0,0,0,Stand-Up Comedy
2016,2016,12,97.0,1,6,1,10,0,0,12,8,0,0,0,Dramas
2020,2020,3,2.0,1,1,1,6,0,0,8,8,1,1,0,Crime TV Shows
2020,2020,12,119.0,1,7,1,6,0,0,7,6,0,0,0,Comedies
2019,2019,12,2.0,1,13,1,7,0,0,30,8,1,1,0,TV Comedies
2012,2020,7,86.0,2,11,2,14,1,0,4,3,0,0,0,Children & Family Movies
1999,2020,7,105.0,1,8,3,27,1,0,35,5,0,0,0,Thrillers
2020,2020,2,1.0,1,1,1,6,0,0,8,8,1,1,0,Crime TV Shows
2017,2019,10,104.0,1,10,1,9,0,0,7,8,0,0,0,Comedies
2016,2019,10,93.0,1,10,3,10,1,0,12,5,0,0,0,Dramas
2015,2015,9,72.0,1,7,1,11,0,0,4,11,0,0,0,Children & Family Movies
2017,2017,4,2.0,1,8,1,9,0,0,8,8,1,1,0,Crime TV Shows
2020,2020,7,17.0,1,1,1,6,0,0,10,6,0,0,0,Documentaries
2013,2019,7,1.0,1,1,1,13,0,0,3,7,1,1,0,British TV Shows
1998,2019,11,119.0,1,11,1,28,0,0,12,5,0,0,0,Dramas
2020,2020,11,98.0,1,5,1,6,0,0,13,8,0,0,0,Horror Movies
2013,2020,9,105.0,1,13,4,13,1,0,4,3,0,0,0,Children & Family Movies
2018,2020,1,106.0,1,6,3,8,1,0,12,6,0,0,0,Dramas
2017,2020,12,111.0,1,9,1,9,0,0,7,6,0,0,0,Comedies
1945,2017,3,59.0,1,1,1,81,0,0,6,8,0,0,0,Classic Movies
2019,2019,9,1.0,2,14,1,7,0,0,16,8,1,1,0,International TV Shows
2020,2020,9,1.0,1,8,1,6,0,0,17,9,1,1,0,Kids' TV
2016,2017,10,79.0,1,1,2,10,1,0,10,8,0,0,0,Documentaries
2020,2020,3,1.0,1,11,1,6,0,0,16,8,1,1,0,International TV Shows
2017,2018,6,1.0,1,11,1,9,0,0,8,6,1,1,0,Crime TV Shows
2009,2020,3,1.0,1,8,1,17,0,0,17,10,1,1,0,Kids' TV
2019,2019,8,1.0,1,4,1,7,0,0,21,9,1,1,0,Reality TV
2017,2017,5,3.0,1,16,1,9,0,0,31,8,1,1,0,TV Dramas
1992,2018,8,108.0,1,1,1,34,0,0,0,8,0,0,0,Action & Adventure
2016,2018,4,2.0,1,8,1,10,0,0,16,8,1,1,0,International TV Shows
2018,2019,8,1.0,1,13,1,8,0,0,3,9,1,1,0,British TV Shows
2018,2019,5,62.0,2,9,1,8,0,0,19,11,0,0,0,Movies
2014,2019,5,54.0,1,1,1,12,0,0,10,9,0,0,0,Documentaries
2020,2020,12,1.0,1,13,2,6,1,0,31,9,1,1,0,TV Dramas
2018,2018,11,102.0,1,12,1,8,0,0,4,7,0,0,0,Children & Family Movies
2019,2019,4,91.0,1,8,2,7,1,0,13,4,0,0,0,Horror Movies
2018,2018,11,101.0,1,5,1,8,0,0,0,8,0,0,0,Action & Adventure
2004,2017,9,83.0,1,7,1,22,0,0,0,9,0,0,0,Action & Adventure
1985,2019,8,92.0,1,8,1,41,0,0,12,3,0,0,0,Dramas
2018,2019,3,1.0,1,4,1,8,0,0,8,8,1,1,0,Crime TV Shows
2016,2016,7,87.0,1,1,1,10,0,0,27,8,0,0,0,Stand-Up Comedy
2018,2019,1,102.0,1,3,3,8,1,0,12,6,0,0,0,Dramas
2016,2019,3,101.0,1,4,1,10,0,0,10,8,0,0,0,Documentaries
2016,2017,9,98.0,1,8,1,10,0,0,7,8,0,0,0,Comedies
2015,2018,1,52.0,2,1,1,11,0,0,10,6,0,0,0,Documentaries
2016,2017,12,1.0,1,14,1,10,0,0,16,6,1,1,0,International TV Shows
2016,2017,8,3.0,1,6,1,10,0,0,3,6,1,1,0,British TV Shows
2020,2020,8,1.0,1,23,1,6,0,0,16,8,1,1,0,International TV Shows
2019,2020,3,97.0,2,1,1,7,0,0,10,8,0,0,0,Documentaries
2003,2019,8,116.0,1,14,1,23,0,0,13,8,0,0,0,Horror Movies
1960,2019,11,108.0,1,8,1,66,0,0,6,6,0,0,0,Classic Movies
2017,2019,9,88.0,2,10,1,9,0,0,0,6,0,0,0,Action & Adventure
2017,2018,3,90.0,1,1,1,9,0,0,10,5,0,0,0,Documentaries
2019,2019,8,1.0,1,11,2,7,1,0,2,8,1,1,0,Anime Series
2018,2018,5,94.0,1,6,1,8,0,0,7,8,0,0,0,Comedies
2013,2018,11,146.0,1,8,1,13,0,1,12,6,0,0,0,Dramas
2016,2017,4,108.0,2,7,1,10,0,0,7,8,0,0,0,Comedies
2018,2018,4,91.0,1,8,1,8,0,0,13,5,0,0,0,Horror Movies
2019,2019,8,1.0,1,7,1,7,0,0,28,8,1,1,0,Stand-Up Comedy & Talk Shows
2015,2017,3,98.0,1,8,1,11,0,0,7,6,0,0,0,Comedies
2019,2020,11,1.0,1,1,1,7,0,0,21,6,1,1,0,Reality TV
2016,2018,8,127.0,1,7,1,10,0,1,0,6,0,0,0,Action & Adventure
2020,2020,8,5.0,1,13,1,6,0,0,8,6,1,1,0,Crime TV Shows
2014,2018,6,79.0,1,7,1,12,0,0,13,8,0,0,0,Horror Movies
1992,2019,11,105.0,1,8,1,34,0,0,6,5,0,0,0,Classic Movies
2015,2017,3,123.0,1,5,2,11,1,1,12,8,0,0,0,Dramas
2020,2020,11,4.0,1,12,1,6,0,0,17,11,1,1,0,Kids' TV
2017,2017,10,84.0,1,1,1,9,0,0,27,8,0,0,0,Stand-Up Comedy
2006,2019,1,143.0,1,11,3,20,1,1,12,5,0,0,0,Dramas
2012,2018,11,133.0,1,8,1,14,0,1,15,6,0,0,0,International Movies
2010,2020,4,124.0,1,6,1,16,0,1,0,6,0,0,0,Action & Adventure
2020,2020,10,1.0,1,1,1,6,0,0,11,8,1,1,0,Docuseries
2017,2018,7,3.0,1,1,1,9,0,0,8,8,1,1,0,Crime TV Shows
1995,2019,10,119.0,1,10,1,31,0,0,0,5,0,0,0,Action & Adventure
1989,2017,9,163.0,1,10,1,37,0,1,0,6,0,0,0,Action & Adventure
2017,2018,5,121.0,2,1,1,9,0,1,10,6,0,0,0,Documentaries
1990,2019,12,168.0,1,8,1,36,0,1,0,8,0,0,0,Action & Adventure
2014,2018,7,125.0,1,9,2,12,1,1,12,5,0,0,0,Dramas
2013,2020,10,93.0,1,5,1,13,0,0,20,5,0,0,0,Music & Musicals
2018,2018,12,85.0,2,10,1,8,0,0,4,3,0,0,0,Children & Family Movies
2019,2020,6,95.0,1,8,1,7,0,0,13,8,0,0,0,Horror Movies
2002,2018,12,110.0,2,7,1,24,0,0,12,5,0,0,0,Dramas
2018,2020,10,107.0,2,13,1,8,0,0,7,8,0,0,0,Comedies
2002,2019,11,98.0,1,11,1,24,0,0,0,5,0,0,0,Action & Adventure
2017,2018,6,4.0,1,10,1,9,0,0,31,6,1,1,0,TV Dramas
2013,2019,3,1.0,1,1,1,13,0,0,21,6,1,1,0,Reality TV
2019,2020,5,6.0,1,11,1,7,0,0,8,6,1,1,0,Crime TV Shows
2019,2020,12,1.0,1,10,1,7,0,0,16,6,1,1,0,International TV Shows
2018,2019,3,99.0,1,5,1,8,0,0,7,8,0,0,0,Comedies
2020,2020,12,1.0,3,11,1,6,0,0,16,8,1,1,0,International TV Shows
2020,2020,3,24.0,2,7,1,6,0,0,4,10,0,0,0,Children & Family Movies
2019,2019,6,116.0,1,10,1,7,0,0,12,6,0,0,0,Dramas
2012,2019,12,2.0,1,8,1,14,0,0,17,11,1,1,0,Kids' TV
2012,2016,10,77.0,1,11,1,14,0,0,0,8,0,0,0,Action & Adventure
2018,2018,3,59.0,1,1,1,8,0,0,27,8,0,0,0,Stand-Up Comedy
2019,2020,5,88.0,1,6,1,7,0,0,7,8,0,0,0,Comedies
2015,2020,7,1.0,1,1,1,11,0,0,11,6,1,1,0,Docuseries
2018,2020,11,107.0,1,8,1,8,0,0,7,7,0,0,0,Comedies
2019,2020,4,90.0,1,7,1,7,0,0,13,8,0,0,0,Horror Movies
2015,2015,5,2.0,1,6,1,11,0,0,17,7,1,1,0,Kids' TV
2013,2017,8,1.0,1,8,1,13,0,0,8,8,1,1,0,Crime TV Shows
2009,2019,9,109.0,1,10,1,17,0,0,12,4,0,0,0,Dramas
2019,2019,7,1.0,1,9,1,7,0,0,16,6,1,1,0,International TV Shows
2018,2019,1,1.0,1,11,1,8,0,0,3,8,1,1,0,British TV Shows
2018,2019,11,1.0,1,7,1,8,0,0,8,8,1,1,0,Crime TV Shows
2019,2019,11,1.0,1,1,1,7,0,0,11,8,1,1,0,Docuseries
2020,2020,6,94.0,1,6,1,6,0,0,13,8,0,0,0,Horror Movies
2020,2020,2,1.0,1,9,1,6,0,0,30,8,1,1,0,TV Comedies
2018,2020,7,104.0,1,8,1,8,0,0,12,6,0,0,0,Dramas
2007,2019,11,116.0,1,10,1,19,0,0,12,5,0,0,0,Dramas
2020,2020,6,2.0,1,12,1,6,0,0,30,8,1,1,0,TV Comedies
2011,2016,11,1.0,1,5,1,15,0,0,16,6,1,1,0,International TV Shows
2017,2020,7,94.0,1,8,1,9,0,0,13,8,0,0,0,Horror Movies
2020,2020,1,1.0,1,6,1,6,0,0,8,8,1,1,0,Crime TV Shows
2018,2018,11,1.0,1,17,1,8,0,0,16,8,1,1,0,International TV Shows
2017,2017,4,66.0,1,1,1,9,0,0,27,8,0,0,0,Stand-Up Comedy
2007,2020,9,129.0,1,10,1,19,0,1,12,6,0,0,0,Dramas
2017,2018,11,1.0,1,1,1,9,0,0,17,11,1,1,0,Kids' TV
2016,2017,6,108.0,1,5,2,10,1,0,0,8,0,0,0,Action & Adventure
2020,2020,2,3.0,1,9,1,6,0,0,17,9,1,1,0,Kids' TV
2008,2019,11,2.0,1,16,1,18,0,0,2,9,1,1,0,Anime Series
2016,2018,3,94.0,1,10,1,10,0,0,7,6,0,0,0,Comedies
2017,2019,3,100.0,2,8,1,9,0,0,0,8,0,0,0,Action & Adventure
2020,2020,5,23.0,1,7,1,6,0,0,4,10,0,0,0,Children & Family Movies
2011,2017,1,1.0,1,4,1,15,0,0,16,6,1,1,0,International TV Shows
2017,2017,9,2.0,1,4,1,9,0,0,17,10,1,1,0,Kids' TV
2016,2016,7,101.0,1,10,1,10,0,0,12,8,0,0,0,Dramas
2019,2020,11,1.0,1,6,1,7,0,0,2,11,1,1,0,Anime Series
2019,2019,11,81.0,1,6,1,7,0,0,12,8,0,0,0,Dramas
2017,2017,10,1.0,1,9,1,9,0,0,2,9,1,1,0,Anime Series
2007,2017,10,148.0,1,10,1,19,0,1,12,6,0,0,0,Dramas
2019,2019,10,1.0,1,5,1,7,0,0,17,10,1,1,0,Kids' TV
2016,2017,2,134.0,1,5,1,10,0,1,12,6,0,0,0,Dramas
2016,2018,4,32.0,1,1,1,10,0,0,10,7,0,0,0,Documentaries
2013,2018,11,136.0,1,8,1,13,0,1,12,6,0,0,0,Dramas
2017,2020,9,92.0,2,8,1,9,0,0,4,7,0,0,0,Children & Family Movies
2017,2017,12,5.0,1,11,1,9,0,0,17,11,1,1,0,Kids' TV
2020,2020,12,3.0,1,4,1,6,0,0,3,6,1,1,0,British TV Shows
2020,2020,10,82.0,1,10,1,6,0,0,0,5,0,0,0,Action & Adventure
2018,2018,3,1.0,1,1,1,8,0,0,3,6,1,1,0,British TV Shows
2020,2020,3,3.0,1,7,1,6,0,0,2,8,1,1,0,Anime Series
2010,2017,12,1.0,1,1,1,16,0,0,11,9,1,1,0,Docuseries
2018,2019,3,108.0,1,8,3,8,1,0,7,8,0,0,0,Comedies
2013,2019,10,45.0,1,9,1,13,0,0,4,7,0,0,0,Children & Family Movies
2011,2016,9,9.0,1,1,1,15,0,0,8,8,1,1,0,Crime TV Shows
2018,2019,6,86.0,2,1,3,8,1,0,10,6,0,0,0,Documentaries
2007,2018,7,88.0,1,8,1,19,0,0,13,8,0,0,0,Horror Movies
2010,2017,7,1.0,1,6,1,16,0,0,16,6,1,1,0,International TV Shows
2017,2018,10,4.0,1,13,1,9,0,0,16,8,1,1,0,International TV Shows
2017,2017,3,57.0,1,1,1,9,0,0,27,8,0,0,0,Stand-Up Comedy
2014,2020,4,135.0,1,8,1,12,0,1,7,6,0,0,0,Comedies
2017,2017,12,89.0,1,8,1,9,0,0,12,6,0,0,0,Dramas
1971,2020,1,100.0,1,10,3,55,1,0,4,0,0,0,0,Children & Family Movies
2019,2019,10,154.0,1,1,1,7,0,1,15,6,0,0,0,International Movies
2020,2020,7,82.0,2,1,1,6,0,0,27,8,0,0,0,Stand-Up Comedy
2019,2019,7,32.0,1,13,1,7,0,0,7,6,0,0,0,Comedies
2011,2018,11,131.0,1,10,1,15,0,1,12,8,0,0,0,Dramas
2017,2017,9,82.0,1,16,1,9,0,0,27,8,0,0,0,Stand-Up Comedy
2020,2020,8,1.0,1,1,1,6,0,0,21,8,1,1,0,Reality TV
2016,2017,6,89.0,1,10,1,10,0,0,7,8,0,0,0,Comedies
2015,2018,2,1.0,1,7,1,11,0,0,17,8,1,1,0,Kids' TV
2006,2019,7,93.0,1,11,2,20,1,0,4,3,0,0,0,Children & Family Movies
2015,2017,3,95.0,1,1,1,11,0,0,10,9,0,0,0,Documentaries
2018,2018,7,101.0,2,13,1,8,0,0,0,6,0,0,0,Action & Adventure
2014,2017,8,1.0,1,6,1,12,0,0,8,8,1,1,0,Crime TV Shows
2017,2020,10,103.0,1,6,1,9,0,0,12,8,0,0,0,Dramas
2008,2018,11,118.0,1,10,1,18,0,0,7,6,0,0,0,Comedies
2017,2017,11,126.0,1,11,1,9,0,1,0,8,0,0,0,Action & Adventure
2018,2018,11,93.0,1,14,1,8,0,0,4,9,0,0,0,Children & Family Movies
2020,2020,6,1.0,1,18,1,6,0,0,8,8,1,1,0,Crime TV Shows
2019,2019,10,100.0,1,7,1,7,0,0,35,8,0,0,0,Thrillers
2015,2020,7,115.0,1,8,1,11,0,0,0,8,0,0,0,Action & Adventure
2020,2020,9,1.0,1,7,1,6,0,0,3,8,1,1,0,British TV Shows
2014,2019,11,84.0,1,1,1,12,0,0,27,8,0,0,0,Stand-Up Comedy
2017,2017,12,129.0,1,7,2,9,1,1,0,2,0,0,0,Action & Adventure
2013,2013,10,1.0,1,1,1,13,0,0,11,2,1,1,0,Docuseries
2017,2017,8,96.0,1,10,1,9,0,0,4,3,0,0,0,Children & Family Movies
2019,2019,12,1.0,1,15,1,7,0,0,16,6,1,1,0,International TV Shows
2015,2020,11,129.0,1,5,1,11,0,1,12,6,0,0,0,Dramas
2014,2017,4,1.0,1,1,1,12,0,0,11,9,1,1,0,Docuseries
2018,2019,4,136.0,1,9,1,8,0,1,0,8,0,0,0,Action & Adventure
2020,2020,6,100.0,2,8,1,6,0,0,12,6,0,0,0,Dramas
1995,2018,4,116.0,1,20,1,31,0,0,12,4,0,0,0,Dramas
2018,2020,1,98.0,1,6,1,8,0,0,1,11,0,0,0,Anime Features
2015,2017,1,83.0,1,7,1,11,0,0,12,9,0,0,0,Dramas
2014,2020,2,2.0,1,24,1,12,0,0,2,8,1,1,0,Anime Series
2002,2020,9,103.0,1,11,2,24,1,0,10,4,0,0,0,Documentaries
2003,2017,9,99.0,1,8,1,23,0,0,0,6,0,0,0,Action & Adventure
2010,2018,10,67.0,1,1,1,16,0,0,27,8,0,0,0,Stand-Up Comedy
2018,2019,6,68.0,1,1,1,8,0,0,4,10,0,0,0,Children & Family Movies
2018,2020,10,1.0,1,4,1,8,0,0,16,8,1,1,0,International TV Shows
2016,2017,4,74.0,1,2,2,10,1,0,10,6,0,0,0,Documentaries
2016,2017,6,1.0,1,8,1,10,0,0,17,11,1,1,0,Kids' TV
1942,2017,3,52.0,1,1,1,84,0,0,6,6,0,0,0,Classic Movies
2019,2019,10,1.0,1,7,1,7,0,0,8,8,1,1,0,Crime TV Shows
2020,2020,6,90.0,1,6,1,6,0,0,12,5,0,0,0,Dramas
2012,2018,8,127.0,1,8,1,14,0,1,7,6,0,0,0,Comedies
2018,2018,12,108.0,1,6,1,8,0,0,7,6,0,0,0,Comedies
2018,2018,11,127.0,1,10,4,8,1,1,12,4,0,0,0,Dramas
2018,2020,11,2.0,1,8,1,8,0,0,8,6,1,1,0,Crime TV Shows
2016,2018,11,106.0,1,8,1,10,0,0,12,8,0,0,0,Dramas
2020,2020,6,114.0,1,12,1,6,0,0,12,6,0,0,0,Dramas
2017,2019,2,8.0,1,7,1,9,0,0,16,8,1,1,0,International TV Shows
2017,2019,7,53.0,1,1,1,9,0,0,10,9,0,0,0,Documentaries
2016,2019,2,93.0,1,8,1,10,0,0,13,5,0,0,0,Horror Movies
1999,2020,12,116.0,1,15,1,27,0,0,7,3,0,0,0,Comedies
2018,2019,10,97.0,1,10,3,8,1,0,12,6,0,0,0,Dramas
2020,2020,12,1.0,1,1,1,6,0,0,11,9,1,1,0,Docuseries
1997,2014,11,4.0,1,9,2,29,1,0,17,10,1,1,0,Kids' TV
2016,2017,6,91.0,1,10,1,10,0,0,4,9,0,0,0,Children & Family Movies
2016,2017,10,1.0,1,1,1,10,0,0,3,9,1,1,0,British TV Shows
2020,2020,6,92.0,1,8,1,6,0,0,7,6,0,0,0,Comedies
2019,2019,2,62.0,1,1,1,7,0,0,27,8,0,0,0,Stand-Up Comedy
2018,2019,2,91.0,1,10,1,8,0,0,13,8,0,0,0,Horror Movies
2017,2017,12,87.0,1,8,1,9,0,0,4,7,0,0,0,Children & Family Movies
2002,2017,11,81.0,1,10,1,24,0,0,10,5,0,0,0,Documentaries
2018,2018,11,1.0,1,6,1,8,0,0,17,10,1,1,0,Kids' TV
2017,2017,4,131.0,1,10,1,9,0,1,7,6,0,0,0,Comedies
1994,2020,1,191.0,1,13,1,32,0,1,0,4,0,0,0,Action & Adventure
2008,2020,8,1.0,1,13,1,18,0,0,2,6,1,1,0,Anime Series
2020,2020,10,1.0,2,1,1,6,0,0,11,8,1,1,0,Docuseries
2013,2019,3,1.0,1,6,1,13,0,0,30,8,1,1,0,TV Comedies
2017,2017,6,98.0,1,9,1,9,0,0,0,4,0,0,0,Action & Adventure
2008,2021,1,145.0,1,12,1,18,0,1,7,5,0,0,0,Comedies
2020,2020,10,78.0,1,8,1,6,0,0,7,5,0,0,0,Comedies
2015,2019,2,1.0,1,9,1,11,0,0,16,8,1,1,0,International TV Shows
2015,2019,2,119.0,1,11,1,11,0,0,0,6,0,0,0,Action & Adventure
2016,2018,9,95.0,1,9,1,10,0,0,12,8,0,0,0,Dramas
2016,2017,10,84.0,1,1,1,10,0,0,10,9,0,0,0,Documentaries
2017,2020,2,72.0,1,10,1,9,0,0,19,10,0,0,0,Movies
2014,2020,9,130.0,1,8,1,12,0,1,15,6,0,0,0,International Movies
2004,2017,10,116.0,1,10,1,22,0,0,7,8,0,0,0,Comedies
2016,2017,1,89.0,1,6,1,10,0,0,12,8,0,0,0,Dramas
2017,2017,9,81.0,1,1,1,9,0,0,10,6,0,0,0,Documentaries
2019,2020,1,86.0,1,12,1,7,0,0,12,8,0,0,0,Dramas
2020,2020,11,27.0,1,8,1,6,0,0,4,10,0,0,0,Children & Family Movies
2017,2018,10,3.0,1,1,1,9,0,0,28,8,1,1,0,Stand-Up Comedy & Talk Shows
2014,2020,6,104.0,1,12,3,12,1,0,7,8,0,0,0,Comedies
2020,2020,10,87.0,1,6,1,6,0,0,12,6,0,0,0,Dramas
2018,2019,2,125.0,1,10,2,8,1,1,12,8,0,0,0,Dramas
2008,2019,5,127.0,1,12,1,18,0,1,0,6,0,0,0,Action & Adventure
1984,2018,8,86.0,1,11,1,42,0,0,0,8,0,0,0,Action & Adventure
2018,2018,7,133.0,1,7,1,8,0,1,12,3,0,0,0,Dramas
2019,2020,3,1.0,1,3,1,7,0,0,17,7,1,1,0,Kids' TV
2018,2018,3,1.0,1,10,1,8,0,0,16,8,1,1,0,International TV Shows
2002,2019,1,1.0,1,6,1,24,0,0,16,6,1,1,0,International TV Shows
2018,2019,4,55.0,1,1,1,8,0,0,10,8,0,0,0,Documentaries
2016,2017,3,80.0,1,11,1,10,0,0,12,2,0,0,0,Dramas
2019,2020,1,132.0,1,8,1,7,0,1,7,6,0,0,0,Comedies
2016,2020,10,1.0,1,1,1,10,0,0,17,10,1,1,0,Kids' TV
2009,2016,8,1.0,1,5,1,17,0,0,16,6,1,1,0,International TV Shows
2014,2017,11,1.0,1,18,1,12,0,0,2,6,1,1,0,Anime Series
2017,2018,6,95.0,1,10,1,9,0,0,12,6,0,0,0,Dramas
2020,2020,2,1.0,1,12,1,6,0,0,16,6,1,1,0,International TV Shows
1990,2017,2,1.0,1,17,1,36,0,0,11,6,1,1,0,Docuseries
2020,2020,10,110.0,1,1,1,6,0,0,10,8,0,0,0,Documentaries
2015,2017,5,127.0,1,13,1,11,0,1,7,9,0,0,0,Comedies
2019,2019,8,116.0,1,6,1,7,0,0,12,6,0,0,0,Dramas
2017,2018,1,87.0,1,9,2,9,1,0,0,5,0,0,0,Action & Adventure
2018,2018,6,1.0,1,1,1,8,0,0,3,8,1,1,0,British TV Shows
2005,2020,9,94.0,1,12,1,21,0,0,7,5,0,0,0,Comedies
2013,2018,5,69.0,2,1,1,13,0,0,10,8,0,0,0,Documentaries
2020,2020,6,4.0,1,5,3,6,1,0,30,8,1,1,0,TV Comedies
1996,2019,11,103.0,1,15,1,30,0,0,7,3,0,0,0,Comedies
2017,2017,8,166.0,1,8,1,9,0,1,0,6,0,0,0,Action & Adventure
1979,2019,8,119.0,1,10,1,47,0,0,12,3,0,0,0,Dramas
2020,2020,12,2.0,1,6,1,6,0,0,17,10,1,1,0,Kids' TV
1986,2011,10,94.0,1,4,1,40,0,0,12,6,0,0,0,Dramas
2015,2018,7,84.0,1,8,2,11,1,0,0,5,0,0,0,Action & Adventure
2006,2020,5,110.0,1,10,1,20,0,0,7,6,0,0,0,Comedies
2019,2019,5,86.0,2,1,3,7,1,0,10,8,0,0,0,Documentaries
2016,2019,3,83.0,1,5,1,10,0,0,7,6,0,0,0,Comedies
2016,2016,6,1.0,1,3,1,10,0,0,17,10,1,1,0,Kids' TV
2020,2020,4,103.0,1,6,1,6,0,0,12,8,0,0,0,Dramas
2012,2020,2,95.0,1,10,1,14,0,0,7,9,0,0,0,Comedies
2018,2018,9,63.0,1,1,1,8,0,0,27,8,0,0,0,Stand-Up Comedy
1946,2017,2,1.0,4,1,1,80,0,0,34,6,1,1,0,TV Shows
2017,2017,6,73.0,1,1,1,9,0,0,27,8,0,0,0,Stand-Up Comedy
2018,2020,9,105.0,1,6,1,8,0,0,12,4,0,0,0,Dramas
2016,2017,10,83.0,1,6,3,10,1,0,7,6,0,0,0,Comedies
2004,2018,3,165.0,1,8,1,22,0,1,15,9,0,0,0,International Movies
2002,2020,1,116.0,1,10,1,24,0,0,13,4,0,0,0,Horror Movies
2018,2018,10,57.0,1,1,1,8,0,0,10,6,0,0,0,Documentaries
2017,2018,2,110.0,1,5,2,9,1,0,10,9,0,0,0,Documentaries
2016,2017,1,84.0,3,1,2,10,1,0,10,6,0,0,0,Documentaries
2016,2020,6,86.0,1,5,1,10,0,0,12,6,0,0,0,Dramas
2018,2019,2,139.0,1,9,1,8,0,1,12,8,0,0,0,Dramas
2016,2018,4,1.0,1,5,1,10,0,0,16,6,1,1,0,International TV Shows
2014,2017,2,95.0,1,5,1,12,0,0,12,2,0,0,0,Dramas
2020,2020,7,1.0,1,1,1,6,0,0,8,8,1,1,0,Crime TV Shows
2017,2017,9,102.0,1,8,2,9,1,0,7,8,0,0,0,Comedies
2018,2019,4,119.0,1,8,1,8,0,0,12,6,0,0,0,Dramas
2005,2019,12,117.0,1,9,1,21,0,0,12,5,0,0,0,Dramas
2020,2020,3,21.0,1,1,1,6,0,0,10,7,0,0,0,Documentaries
2018,2018,11,6.0,1,24,1,8,0,0,31,8,1,1,0,TV Dramas
2018,2019,11,1.0,1,9,1,8,0,0,8,8,1,1,0,Crime TV Shows
2016,2017,10,72.0,1,11,1,10,0,0,4,11,0,0,0,Children & Family Movies
2014,2017,3,103.0,1,8,1,12,0,0,7,9,0,0,0,Comedies
2018,2019,3,1.0,1,3,1,8,0,0,16,8,1,1,0,International TV Shows
2018,2020,2,1.0,1,1,1,8,0,0,8,8,1,1,0,Crime TV Shows
2006,2018,1,151.0,1,5,1,20,0,1,7,9,0,0,0,Comedies
2020,2020,5,1.0,1,8,1,6,0,0,8,8,1,1,0,Crime TV Shows
2016,2018,10,95.0,1,8,2,10,1,0,0,8,0,0,0,Action & Adventure
2015,2016,8,3.0,1,1,1,11,0,0,3,8,1,1,0,British TV Shows
2009,2019,6,116.0,1,9,1,17,0,0,24,4,0,0,0,Sci-Fi & Fantasy
2018,2018,10,1.0,1,1,1,8,0,0,11,8,1,1,0,Docuseries
2018,2019,2,1.0,1,3,1,8,0,0,16,8,1,1,0,International TV Shows
2007,2019,11,88.0,1,10,1,19,0,0,7,4,0,0,0,Comedies
2017,2020,6,94.0,1,6,1,9,0,0,0,6,0,0,0,Action & Adventure
1979,2020,11,74.0,1,1,3,47,1,0,10,6,0,0,0,Documentaries
2017,2018,7,125.0,1,8,1,9,0,1,12,6,0,0,0,Dramas
2016,2019,5,1.0,1,5,1,10,0,0,16,9,1,1,0,International TV Shows
2019,2019,1,2.0,1,9,1,7,0,0,3,11,1,1,0,British TV Shows
2012,2016,2,43.0,1,8,1,14,0,0,4,12,0,0,0,Children & Family Movies
2019,2020,12,1.0,1,11,1,7,0,0,16,7,1,1,0,International TV Shows
2018,2020,9,102.0,1,15,1,8,0,0,12,9,0,0,0,Dramas
2019,2020,5,1.0,1,12,2,7,1,0,8,8,1,1,0,Crime TV Shows
2015,2016,11,59.0,1,1,1,11,0,0,10,9,0,0,0,Documentaries
1998,2019,11,124.0,1,9,1,28,0,1,35,5,0,0,0,Thrillers
1996,2017,5,163.0,1,9,1,30,0,1,7,6,0,0,0,Comedies
2002,2020,9,4.0,1,6,1,24,0,0,16,8,1,1,0,International TV Shows
2017,2019,2,107.0,1,8,1,9,0,0,10,6,0,0,0,Documentaries
2012,2018,12,95.0,1,4,1,14,0,0,0,8,0,0,0,Action & Adventure
2018,2018,4,1.0,1,9,1,8,0,0,8,8,1,1,0,Crime TV Shows
2018,2018,6,66.0,1,1,1,8,0,0,27,8,0,0,0,Stand-Up Comedy
2018,2018,8,85.0,1,10,1,8,0,0,7,8,0,0,0,Comedies
2016,2017,8,124.0,1,6,2,10,1,1,0,8,0,0,0,Action & Adventure
2012,2018,1,103.0,1,5,1,14,0,0,12,6,0,0,0,Dramas
2015,2016,2,72.0,2,6,1,11,0,0,12,8,0,0,0,Dramas
2011,2019,6,100.0,1,11,1,15,0,0,7,5,0,0,0,Comedies
2019,2020,4,180.0,1,8,1,7,0,1,12,6,0,0,0,Dramas
2020,2020,7,150.0,1,15,1,6,0,1,12,8,0,0,0,Dramas
2016,2018,5,84.0,1,1,1,10,0,0,10,8,0,0,0,Documentaries
2020,2020,12,58.0,1,1,1,6,0,0,27,8,0,0,0,Stand-Up Comedy
2020,2020,1,1.0,1,1,1,6,0,0,16,6,1,1,0,International TV Shows
2017,2018,10,136.0,1,10,1,9,0,1,7,6,0,0,0,Comedies
2017,2020,6,108.0,1,5,3,9,1,0,4,6,0,0,0,Children & Family Movies
2015,2018,12,86.0,1,7,1,11,0,0,0,5,0,0,0,Action & Adventure
2015,2017,12,81.0,1,1,1,11,0,0,10,8,0,0,0,Documentaries
2019,2019,4,97.0,1,6,1,7,0,0,12,8,0,0,0,Dramas
2018,2018,9,100.0,1,2,1,8,0,0,10,6,0,0,0,Documentaries
2014,2019,2,58.0,1,10,1,12,0,0,0,8,0,0,0,Action & Adventure
2015,2020,1,96.0,1,10,3,11,1,0,12,5,0,0,0,Dramas
1997,2019,11,109.0,1,8,1,29,0,0,7,5,0,0,0,Comedies
2019,2020,3,113.0,1,6,1,7,0,0,12,8,0,0,0,Dramas
2017,2017,5,44.0,1,1,1,9,0,0,10,9,0,0,0,Documentaries
2018,2018,10,1.0,1,12,1,8,0,0,3,8,1,1,0,British TV Shows
2016,2020,12,2.0,1,5,3,10,1,0,3,10,1,1,0,British TV Shows
2016,2019,7,1.0,1,6,1,10,0,0,17,11,1,1,0,Kids' TV
2020,2020,12,2.0,1,1,1,6,0,0,11,9,1,1,0,Docuseries
2017,2017,8,92.0,1,10,1,9,0,0,0,6,0,0,0,Action & Adventure
2014,2018,10,102.0,1,8,1,12,0,0,13,6,0,0,0,Horror Movies
2014,2019,11,68.0,1,9,1,12,0,0,4,11,0,0,0,Children & Family Movies
2017,2018,10,74.0,1,1,1,9,0,0,0,3,0,0,0,Action & Adventure
2020,2020,4,1.0,1,18,1,6,0,0,2,6,1,1,0,Anime Series
2012,2018,11,112.0,1,5,1,14,0,0,15,9,0,0,0,International Movies
2019,2019,6,40.0,2,1,2,7,1,0,10,9,0,0,0,Documentaries
2020,2020,10,93.0,1,2,1,6,0,0,13,8,0,0,0,Horror Movies
2012,2018,12,116.0,1,5,1,14,0,0,12,6,0,0,0,Dramas
2018,2019,3,118.0,1,6,1,8,0,0,12,8,0,0,0,Dramas
2020,2020,8,1.0,1,12,1,6,0,0,8,8,1,1,0,Crime TV Shows
2018,2018,10,5.0,1,10,1,8,0,0,8,8,1,1,0,Crime TV Shows
2000,2019,2,110.0,1,16,2,26,1,0,12,5,0,0,0,Dramas
2018,2018,8,130.0,1,8,1,8,0,1,12,4,0,0,0,Dramas
2016,2017,8,1.0,1,5,1,10,0,0,16,9,1,1,0,International TV Shows
2019,2019,12,94.0,1,7,2,7,1,0,12,8,0,0,0,Dramas
2019,2020,7,107.0,1,1,1,7,0,0,10,8,0,0,0,Documentaries
2016,2016,3,62.0,1,1,1,10,0,0,27,8,0,0,0,Stand-Up Comedy
2015,2018,5,5.0,1,17,3,11,1,0,17,9,1,1,0,Kids' TV
2016,2020,6,88.0,1,7,1,10,0,0,0,8,0,0,0,Action & Adventure
1999,2018,3,1.0,1,10,1,27,0,0,30,6,1,1,0,TV Comedies
2017,2017,10,75.0,1,10,1,9,0,0,12,4,0,0,0,Dramas
2007,2018,7,82.0,1,10,1,19,0,0,0,8,0,0,0,Action & Adventure
1999,2018,3,177.0,1,8,1,27,0,1,12,9,0,0,0,Dramas
2016,2018,12,122.0,1,5,1,10,0,1,10,5,0,0,0,Documentaries
1999,2020,10,93.0,1,10,1,27,0,0,7,4,0,0,0,Comedies
2016,2017,9,1.0,1,6,1,10,0,0,23,9,1,1,0,Romantic TV Shows
2020,2019,12,5.0,1,17,1,6,0,0,30,9,1,1,0,TV Comedies
2018,2019,3,107.0,2,13,2,8,1,0,0,8,0,0,0,Action & Adventure
2020,2020,10,1.0,1,17,1,6,0,0,2,8,1,1,0,Anime Series
2004,2017,12,1.0,1,12,1,22,0,0,16,9,1,1,0,International TV Shows
2018,2019,10,99.0,1,8,1,8,0,0,12,6,0,0,0,Dramas
2007,2019,7,102.0,1,11,2,19,1,0,0,8,0,0,0,Action & Adventure
2016,2017,3,90.0,1,5,1,10,0,0,13,8,0,0,0,Horror Movies
2010,2017,12,97.0,1,10,2,16,1,0,13,8,0,0,0,Horror Movies
2016,2017,8,100.0,1,5,2,10,1,0,0,8,0,0,0,Action & Adventure
1972,2019,11,91.0,1,8,1,54,0,0,0,5,0,0,0,Action & Adventure
2013,2018,12,96.0,1,4,1,13,0,0,7,8,0,0,0,Comedies
2019,2019,8,1.0,1,6,1,7,0,0,16,8,1,1,0,International TV Shows
2014,2019,12,131.0,1,10,1,12,0,1,7,8,0,0,0,Comedies
2016,2017,5,95.0,1,9,2,10,1,0,7,8,0,0,0,Comedies
2012,2016,1,24.0,1,11,1,14,0,0,4,11,0,0,0,Children & Family Movies
2015,2016,8,66.0,1,1,1,11,0,0,19,8,0,0,0,Movies
2020,2020,5,1.0,1,1,1,6,0,0,8,8,1,1,0,Crime TV Shows
1995,2021,1,113.0,1,13,1,31,0,0,7,4,0,0,0,Comedies
2017,2017,10,106.0,1,1,2,9,1,0,10,8,0,0,0,Documentaries
2009,2017,5,117.0,12,4,2,17,1,0,0,4,0,0,0,Action & Adventure
2018,2019,2,1.0,1,1,1,8,0,0,11,9,1,1,0,Docuseries
2014,2017,4,1.0,1,6,1,12,0,0,16,6,1,1,0,International TV Shows
2015,2018,7,106.0,1,1,1,11,0,0,7,8,0,0,0,Comedies
2017,2017,12,67.0,1,1,1,9,0,0,27,8,0,0,0,Stand-Up Comedy
2012,2018,12,109.0,1,10,1,14,0,0,0,8,0,0,0,Action & Adventure
2014,2018,9,1.0,1,10,1,12,0,0,16,8,1,1,0,International TV Shows
2017,2020,2,33.0,1,8,1,9,0,0,7,8,0,0,0,Comedies
2005,2018,8,90.0,1,8,1,21,0,0,4,9,0,0,0,Children & Family Movies
2018,2018,8,1.0,1,2,1,8,0,0,17,10,1,1,0,Kids' TV
2020,2020,6,108.0,1,1,1,6,0,0,10,8,0,0,0,Documentaries
2017,2020,5,99.0,1,9,1,9,0,0,35,5,0,0,0,Thrillers
2017,2018,11,115.0,2,6,1,9,0,0,12,6,0,0,0,Dramas
1997,2019,8,154.0,1,12,1,29,0,1,12,5,0,0,0,Dramas
2007,2019,3,117.0,1,10,1,19,0,0,12,6,0,0,0,Dramas
2019,2019,9,3.0,1,12,1,7,0,0,8,8,1,1,0,Crime TV Shows
2020,2020,12,105.0,1,6,1,6,0,0,13,8,0,0,0,Horror Movies
2018,2020,4,101.0,1,8,1,8,0,0,7,8,0,0,0,Comedies
2001,2018,8,100.0,1,9,1,25,0,0,0,9,0,0,0,Action & Adventure
2020,2020,10,99.0,1,10,1,6,0,0,4,9,0,0,0,Children & Family Movies
2019,2019,5,1.0,1,12,1,7,0,0,31,8,1,1,0,TV Dramas
2014,2016,9,87.0,2,8,3,12,1,0,12,6,0,0,0,Dramas
2019,2019,1,98.0,1,1,1,7,0,0,10,8,0,0,0,Documentaries
2019,2020,3,1.0,1,4,1,7,0,0,17,10,1,1,0,Kids' TV
2015,2020,5,2.0,1,5,1,11,0,0,17,10,1,1,0,Kids' TV
2017,2017,10,110.0,1,1,1,9,0,0,10,8,0,0,0,Documentaries
2015,2016,12,1.0,1,1,2,11,1,0,11,6,1,1,0,Docuseries
2012,2020,4,165.0,1,16,1,14,0,1,0,5,0,0,0,Action & Adventure
2016,2019,11,78.0,1,2,1,10,0,0,10,6,0,0,0,Documentaries
2020,2020,2,1.0,1,6,1,6,0,0,16,8,1,1,0,International TV Shows
2019,2019,11,2.0,1,12,1,7,0,0,8,8,1,1,0,Crime TV Shows
2016,2017,1,85.0,1,11,3,10,1,0,12,3,0,0,0,Dramas
2008,2019,1,123.0,1,8,1,18,0,1,0,4,0,0,0,Action & Adventure
2008,2017,11,1.0,1,6,1,18,0,0,8,6,1,1,0,Crime TV Shows
2020,2020,8,1.0,1,4,1,6,0,0,11,9,1,1,0,Docuseries
2020,2020,10,6.0,1,10,2,6,1,0,30,8,1,1,0,TV Comedies
2020,2020,7,4.0,1,6,1,6,0,0,16,8,1,1,0,International TV Shows
2016,2017,1,85.0,1,12,1,10,0,0,7,8,0,0,0,Comedies
2016,2017,8,1.0,1,6,1,10,0,0,16,6,1,1,0,International TV Shows
1967,2019,7,90.0,1,9,1,59,0,0,6,5,0,0,0,Classic Movies
2014,2018,9,1.0,1,9,1,12,0,0,2,9,1,1,0,Anime Series
1983,2020,1,155.0,1,9,1,43,0,1,12,8,0,0,0,Dramas
2012,2018,7,86.0,1,10,1,14,0,0,7,6,0,0,0,Comedies
2010,2020,11,94.0,1,11,1,16,0,0,0,3,0,0,0,Action & Adventure
2013,2014,4,35.0,1,1,1,13,0,0,10,6,0,0,0,Documentaries
2008,2020,1,123.0,1,12,1,18,0,1,12,4,0,0,0,Dramas
2011,2017,12,1.0,1,5,3,15,1,0,17,10,1,1,0,Kids' TV
2019,2019,4,4.0,1,8,1,7,0,0,23,8,1,1,0,Romantic TV Shows
2019,2019,3,1.0,1,10,1,7,0,0,8,8,1,1,0,Crime TV Shows
2018,2019,1,88.0,2,6,2,8,1,0,13,8,0,0,0,Horror Movies
2008,2020,6,116.0,1,10,1,18,0,0,12,6,0,0,0,Dramas
2019,2019,3,71.0,1,1,1,7,0,0,10,8,0,0,0,Documentaries
2018,2018,10,104.0,2,6,1,8,0,0,7,8,0,0,0,Comedies
2016,2020,5,4.0,1,12,1,10,0,0,17,7,1,1,0,Kids' TV
2017,2017,11,92.0,1,4,1,9,0,0,4,9,0,0,0,Children & Family Movies
2018,2019,3,1.0,1,8,1,8,0,0,16,8,1,1,0,International TV Shows
2017,2018,3,108.0,1,10,1,9,0,0,0,8,0,0,0,Action & Adventure
1980,2018,8,101.0,1,8,1,46,0,0,0,5,0,0,0,Action & Adventure
2018,2018,6,1.0,1,12,1,8,0,0,16,8,1,1,0,International TV Shows
2014,2019,9,82.0,2,10,5,12,1,0,12,8,0,0,0,Dramas
2018,2018,3,104.0,1,18,1,8,0,0,4,11,0,0,0,Children & Family Movies
2011,2017,10,80.0,1,18,2,15,1,0,4,10,0,0,0,Children & Family Movies
2016,2016,6,80.0,2,1,1,10,0,0,27,8,0,0,0,Stand-Up Comedy
2001,2019,4,88.0,1,10,1,25,0,0,4,3,0,0,0,Children & Family Movies
2016,2016,7,2.0,1,13,1,10,0,0,2,6,1,1,0,Anime Series
2016,2018,3,23.0,1,8,1,10,0,0,4,11,0,0,0,Children & Family Movies
2018,2018,9,86.0,1,10,1,8,0,0,35,6,0,0,0,Thrillers
2004,2020,1,98.0,2,5,4,22,1,0,7,8,0,0,0,Comedies
2020,2020,4,1.0,1,8,1,6,0,0,30,8,1,1,0,TV Comedies
2018,2020,10,103.0,1,3,1,8,0,0,12,8,0,0,0,Dramas
2014,2018,8,99.0,1,8,1,12,0,0,12,8,0,0,0,Dramas
2009,2019,9,1.0,1,1,1,17,0,0,11,6,1,1,0,Docuseries
2016,2018,6,1.0,1,4,1,10,0,0,17,10,1,1,0,Kids' TV
2016,2020,5,91.0,2,1,2,10,1,0,10,9,0,0,0,Documentaries
2020,2020,5,1.0,1,4,1,6,0,0,17,7,1,1,0,Kids' TV
2014,2017,4,105.0,1,12,1,12,0,0,4,6,0,0,0,Children & Family Movies
2020,2020,7,1.0,1,2,1,6,0,0,11,9,1,1,0,Docuseries
2020,2020,3,62.0,1,1,1,6,0,0,27,8,0,0,0,Stand-Up Comedy
2020,2020,3,1.0,1,3,1,6,0,0,11,6,1,1,0,Docuseries
2020,2020,6,112.0,1,8,1,6,0,0,7,8,0,0,0,Comedies
2016,2019,2,84.0,4,1,1,10,0,0,10,8,0,0,0,Documentaries
2009,2019,3,123.0,1,9,4,17,1,1,0,4,0,0,0,Action & Adventure
2015,2015,1,72.0,1,1,1,11,0,0,27,8,0,0,0,Stand-Up Comedy
2020,2020,11,1.0,1,1,1,6,0,0,11,9,1,1,0,Docuseries
2016,2018,5,101.0,1,3,1,10,0,0,12,6,0,0,0,Dramas
2019,2019,4,3.0,1,17,2,7,1,0,11,8,1,1,0,Docuseries
2016,2017,1,1.0,1,16,1,10,0,0,16,6,1,1,0,International TV Shows
2019,2019,12,2.0,1,12,1,7,0,0,2,8,1,1,0,Anime Series
2015,2019,5,1.0,1,7,1,11,0,0,16,6,1,1,0,International TV Shows
2020,2020,11,28.0,1,4,1,6,0,0,4,10,0,0,0,Children & Family Movies
2015,2019,2,118.0,1,10,1,11,0,0,12,8,0,0,0,Dramas
2016,2017,9,1.0,1,11,1,10,0,0,3,8,1,1,0,British TV Shows
2012,2019,9,81.0,1,1,2,14,1,0,10,6,0,0,0,Documentaries
2012,2020,4,103.0,1,11,1,14,0,0,7,4,0,0,0,Comedies
2014,2020,7,120.0,1,9,1,12,0,0,12,9,0,0,0,Dramas
2016,2017,8,47.0,1,1,1,10,0,0,10,8,0,0,0,Documentaries
2018,2018,2,1.0,1,10,1,8,0,0,30,6,1,1,0,TV Comedies
2015,2016,10,96.0,1,9,1,11,0,0,12,8,0,0,0,Dramas
2020,2020,7,83.0,2,2,1,6,0,0,4,10,0,0,0,Children & Family Movies
2017,2017,12,1.0,1,8,1,9,0,0,8,6,1,1,0,Crime TV Shows
2016,2016,12,99.0,1,8,1,10,0,0,12,8,0,0,0,Dramas
2008,2019,11,98.0,1,10,3,18,1,0,7,4,0,0,0,Comedies
2016,2016,9,3.0,1,8,3,10,1,0,31,8,1,1,0,TV Dramas
2001,2017,6,106.0,1,13,1,25,0,0,12,5,0,0,0,Dramas
2015,2017,9,96.0,1,8,2,11,1,0,0,5,0,0,0,Action & Adventure
2013,2018,3,2.0,1,4,1,13,0,0,17,11,1,1,0,Kids' TV
2019,2019,4,59.0,1,1,1,7,0,0,27,6,0,0,0,Stand-Up Comedy
2019,2019,1,91.0,1,1,1,7,0,0,27,6,0,0,0,Stand-Up Comedy
1975,2019,1,92.0,2,9,1,51,0,0,0,3,0,0,0,Action & Adventure
2002,2019,10,88.0,1,10,1,24,0,0,0,4,0,0,0,Action & Adventure
2018,2020,3,2.0,1,10,1,8,0,0,3,8,1,1,0,British TV Shows
2012,2016,9,83.0,1,1,1,14,0,0,10,6,0,0,0,Documentaries
2017,2019,7,54.0,1,1,1,9,0,0,10,7,0,0,0,Documentaries
2017,2017,6,66.0,1,1,1,9,0,0,27,8,0,0,0,Stand-Up Comedy
2014,2019,10,106.0,1,8,1,12,0,0,12,8,0,0,0,Dramas
2017,2018,1,135.0,1,7,1,9,0,1,0,8,0,0,0,Action & Adventure
2012,2019,6,90.0,1,14,1,14,0,0,7,6,0,0,0,Comedies
2008,2017,5,1.0,1,8,3,18,1,0,16,6,1,1,0,International TV Shows
2017,2019,7,54.0,1,1,1,9,0,0,10,9,0,0,0,Documentaries
2001,2019,11,124.0,1,8,3,25,1,1,12,5,0,0,0,Dramas
2018,2018,11,111.0,1,10,1,8,0,0,13,8,0,0,0,Horror Movies
2019,2019,12,120.0,1,12,1,7,0,0,12,8,0,0,0,Dramas
2001,2020,4,209.0,1,10,1,25,0,1,12,6,0,0,0,Dramas
2017,2017,7,90.0,1,5,1,9,0,0,4,9,0,0,0,Children & Family Movies
2014,2018,12,112.0,1,9,4,12,1,0,7,5,0,0,0,Comedies
2016,2016,10,73.0,1,9,2,10,1,0,4,11,0,0,0,Children & Family Movies
2011,2016,1,24.0,1,9,1,15,0,0,19,11,0,0,0,Movies
2020,2020,11,1.0,1,12,1,6,0,0,16,8,1,1,0,International TV Shows
2009,2019,7,99.0,1,34,1,17,0,0,4,3,0,0,0,Children & Family Movies
1991,2017,6,112.0,1,10,2,35,1,0,6,2,0,0,0,Classic Movies
2016,2016,12,88.0,1,1,1,10,0,0,27,6,0,0,0,Stand-Up Comedy
2018,2018,8,95.0,1,10,2,8,1,0,4,3,0,0,0,Children & Family Movies
2019,2019,9,93.0,2,1,1,7,0,0,10,8,0,0,0,Documentaries
2015,2017,12,124.0,1,8,1,11,0,1,12,6,0,0,0,Dramas
2015,2018,7,87.0,1,11,1,11,0,0,12,5,0,0,0,Dramas
2014,2015,8,90.0,1,11,2,12,1,0,4,3,0,0,0,Children & Family Movies
2017,2019,2,104.0,1,5,1,9,0,0,12,8,0,0,0,Dramas
2009,2019,7,89.0,1,12,2,17,1,0,4,3,0,0,0,Children & Family Movies
2009,2020,5,101.0,1,7,1,17,0,0,7,6,0,0,0,Comedies
2016,2018,3,129.0,1,9,1,10,0,1,1,4,0,0,0,Anime Features
2014,2017,9,89.0,1,5,1,12,0,0,13,8,0,0,0,Horror Movies
2020,2020,4,1.0,1,7,1,6,0,0,30,8,1,1,0,TV Comedies
2016,2017,5,95.0,1,4,1,10,0,0,12,5,0,0,0,Dramas
2016,2017,1,102.0,1,11,1,10,0,0,12,8,0,0,0,Dramas
2013,2018,1,117.0,1,10,1,13,0,0,12,5,0,0,0,Dramas
2015,2017,8,91.0,1,8,1,11,0,0,7,8,0,0,0,Comedies
2017,2017,5,3.0,1,6,1,9,0,0,17,10,1,1,0,Kids' TV
2017,2018,8,122.0,1,8,1,9,0,1,7,6,0,0,0,Comedies
2000,2020,1,89.0,1,10,1,26,0,0,4,3,0,0,0,Children & Family Movies
2019,2021,1,65.0,1,4,1,7,0,0,4,10,0,0,0,Children & Family Movies
2015,2018,3,130.0,1,3,1,11,0,1,12,6,0,0,0,Dramas
2017,2017,5,101.0,3,1,1,9,0,0,10,8,0,0,0,Documentaries
2011,2020,5,106.0,1,20,1,15,0,0,12,3,0,0,0,Dramas
2019,2019,4,59.0,1,9,1,7,0,0,4,10,0,0,0,Children & Family Movies
2008,2016,8,46.0,1,1,1,18,0,0,10,6,0,0,0,Documentaries
2017,2017,8,63.0,1,6,1,9,0,0,27,8,0,0,0,Stand-Up Comedy
2017,2018,11,1.0,1,7,1,9,0,0,2,10,1,1,0,Anime Series
2019,2019,3,114.0,1,8,2,7,1,0,4,9,0,0,0,Children & Family Movies
2019,2021,1,1.0,1,1,1,7,0,0,11,6,1,1,0,Docuseries
2011,2021,1,113.0,1,10,4,15,1,0,0,4,0,0,0,Action & Adventure
2002,2020,7,102.0,1,7,1,24,0,0,12,3,0,0,0,Dramas
1981,2019,9,106.0,1,11,1,45,0,0,6,5,0,0,0,Classic Movies
2018,2018,10,64.0,1,1,1,8,0,0,27,8,0,0,0,Stand-Up Comedy
2013,2018,7,60.0,2,1,1,13,0,0,27,8,0,0,0,Stand-Up Comedy
2016,2017,4,1.0,1,4,1,10,0,0,16,6,1,1,0,International TV Shows
2017,2017,9,1.0,1,8,1,9,0,0,16,9,1,1,0,International TV Shows
2016,2020,9,111.0,1,10,1,10,0,0,7,6,0,0,0,Comedies
2015,2019,10,98.0,1,10,2,11,1,0,12,4,0,0,0,Dramas
2020,2020,11,2.0,1,8,2,6,1,0,8,8,1,1,0,Crime TV Shows
2018,2018,7,72.0,1,1,1,8,0,0,27,8,0,0,0,Stand-Up Comedy
2018,2019,12,136.0,11,10,1,8,0,1,7,8,0,0,0,Comedies
2018,2018,4,105.0,1,1,1,8,0,0,10,8,0,0,0,Documentaries
2016,2017,3,92.0,1,1,1,10,0,0,10,8,0,0,0,Documentaries
2017,2018,7,151.0,1,4,1,9,0,1,12,6,0,0,0,Dramas
2020,2019,10,6.0,1,5,1,6,0,0,30,8,1,1,0,TV Comedies
2016,2017,2,1.0,1,5,1,10,0,0,16,6,1,1,0,International TV Shows
2013,2018,2,127.0,1,6,1,13,0,1,15,6,0,0,0,International Movies
2018,2018,12,1.0,1,9,1,8,0,0,16,6,1,1,0,International TV Shows
2014,2017,9,1.0,1,6,1,12,0,0,16,9,1,1,0,International TV Shows
2013,2020,10,101.0,1,9,1,13,0,0,7,8,0,0,0,Comedies
2019,2020,10,1.0,1,8,1,7,0,0,16,8,1,1,0,International TV Shows
2006,2020,8,145.0,1,6,5,20,1,1,0,4,0,0,0,Action & Adventure
2015,2018,10,140.0,1,7,1,11,0,1,7,9,0,0,0,Comedies
2016,2017,9,89.0,1,7,1,10,0,0,0,8,0,0,0,Action & Adventure
2007,2019,11,158.0,1,10,1,19,0,1,9,5,0,0,0,Cult Movies
2018,2019,2,2.0,1,12,1,8,0,0,17,9,1,1,0,Kids' TV
2008,2019,9,113.0,1,11,1,18,0,0,12,5,0,0,0,Dramas
2018,2018,9,106.0,1,11,1,8,0,0,7,4,0,0,0,Comedies
2017,2018,1,89.0,1,1,1,9,0,0,10,8,0,0,0,Documentaries
2019,2019,9,64.0,1,1,1,7,0,0,27,8,0,0,0,Stand-Up Comedy
1960,2019,11,127.0,1,9,1,66,0,1,0,9,0,0,0,Action & Adventure
2015,2015,2,83.0,1,1,1,11,0,0,27,8,0,0,0,Stand-Up Comedy
2018,2019,3,6.0,1,6,1,8,0,0,16,6,1,1,0,International TV Shows
2019,2019,11,1.0,1,6,1,7,0,0,16,8,1,1,0,International TV Shows
2015,2017,8,114.0,1,10,1,11,0,0,7,8,0,0,0,Comedies
2016,2019,12,1.0,1,6,4,10,1,0,17,10,1,1,0,Kids' TV
2019,2019,6,116.0,2,7,1,7,0,0,13,8,0,0,0,Horror Movies
2020,2020,9,1.0,1,1,1,6,0,0,11,8,1,1,0,Docuseries
2016,2016,11,1.0,1,7,1,10,0,0,3,8,1,1,0,British TV Shows
2019,2019,1,3.0,1,7,1,7,0,0,17,9,1,1,0,Kids' TV
2018,2018,9,126.0,1,9,1,8,0,1,0,8,0,0,0,Action & Adventure
1980,2020,10,93.0,1,2,3,46,1,0,10,6,0,0,0,Documentaries
2019,2019,2,3.0,1,6,1,7,0,0,30,9,1,1,0,TV Comedies
1998,2019,11,121.0,1,10,1,28,0,1,12,5,0,0,0,Dramas
2020,2020,10,100.0,1,13,2,6,1,0,4,3,0,0,0,Children & Family Movies
2001,2020,1,118.0,1,10,1,25,0,0,7,4,0,0,0,Comedies
2013,2016,12,1.0,1,15,1,13,0,0,8,6,1,1,0,Crime TV Shows
2015,2016,4,1.0,1,24,2,11,1,0,2,8,1,1,0,Anime Series
2017,2019,8,81.0,1,9,1,9,0,0,4,6,0,0,0,Children & Family Movies
2011,2020,3,93.0,1,10,2,15,1,0,0,5,0,0,0,Action & Adventure
2019,2019,11,46.0,1,8,1,7,0,0,4,10,0,0,0,Children & Family Movies
2020,2020,12,1.0,1,1,1,6,0,0,11,8,1,1,0,Docuseries
2019,2019,12,2.0,1,6,1,7,0,0,28,8,1,1,0,Stand-Up Comedy & Talk Shows
2018,2019,12,113.0,1,8,1,8,0,0,12,6,0,0,0,Dramas
2012,2020,9,3.0,1,31,1,14,0,0,16,8,1,1,0,International TV Shows
2019,2019,6,83.0,1,1,1,7,0,0,10,8,0,0,0,Documentaries
1994,2019,1,49.0,1,1,1,32,0,0,10,9,0,0,0,Documentaries
2017,2018,3,138.0,1,1,1,9,0,1,15,7,0,0,0,International Movies
2016,2017,2,129.0,1,7,1,10,0,1,12,8,0,0,0,Dramas
2016,2020,9,111.0,1,16,1,10,0,0,0,8,0,0,0,Action & Adventure
2018,2019,7,3.0,1,8,2,8,1,0,16,6,1,1,0,International TV Shows
2002,2019,1,124.0,1,10,1,24,0,1,0,4,0,0,0,Action & Adventure
2011,2019,5,128.0,1,8,2,15,1,1,0,6,0,0,0,Action & Adventure
2021,2021,1,2.0,1,5,1,5,0,0,2,6,1,1,0,Anime Series
2000,2020,12,90.0,1,10,1,26,0,0,7,4,0,0,0,Comedies
2017,2018,1,121.0,1,8,1,9,0,1,12,8,0,0,0,Dramas
2020,2020,11,46.0,2,14,1,6,0,0,4,10,0,0,0,Children & Family Movies
2018,2020,6,92.0,1,7,1,8,0,0,12,6,0,0,0,Dramas
2015,2015,12,74.0,4,8,1,11,0,0,7,8,0,0,0,Comedies
1995,2020,1,100.0,1,8,1,31,0,0,7,4,0,0,0,Comedies
2010,2019,2,1.0,1,5,1,16,0,0,11,9,1,1,0,Docuseries
2014,2017,4,55.0,1,1,2,12,1,0,10,9,0,0,0,Documentaries
1974,2017,9,162.0,1,10,1,52,0,1,7,6,0,0,0,Comedies
2014,2017,3,88.0,1,5,1,12,0,0,12,9,0,0,0,Dramas
2013,2017,4,53.0,1,1,1,13,0,0,10,9,0,0,0,Documentaries
2018,2018,10,2.0,1,10,1,8,0,0,2,8,1,1,0,Anime Series
2018,2018,9,124.0,2,1,1,8,0,1,10,8,0,0,0,Documentaries
2014,2018,7,102.0,1,8,1,12,0,0,13,5,0,0,0,Horror Movies
2019,2019,10,100.0,1,14,1,7,0,0,7,8,0,0,0,Comedies
2020,2020,6,1.0,1,6,1,6,0,0,16,8,1,1,0,International TV Shows
2017,2018,6,90.0,1,6,1,9,0,0,13,8,0,0,0,Horror Movies
2007,2008,2,1.0,1,1,1,19,0,0,28,8,1,1,0,Stand-Up Comedy & Talk Shows
2015,2020,4,119.0,1,10,1,11,0,0,12,3,0,0,0,Dramas
2019,2019,11,3.0,1,8,1,7,0,0,30,6,1,1,0,TV Comedies
2016,2020,9,1.0,1,11,1,10,0,0,2,6,1,1,0,Anime Series
2014,2017,2,79.0,1,6,1,12,0,0,7,2,0,0,0,Comedies
2020,2020,9,102.0,1,11,1,6,0,0,7,8,0,0,0,Comedies
2011,2017,9,1.0,1,1,1,15,0,0,16,8,1,1,0,International TV Shows
2020,2020,5,89.0,1,1,1,6,0,0,10,3,0,0,0,Documentaries
2012,2020,7,129.0,1,10,1,14,0,1,7,9,0,0,0,Comedies
1995,2019,12,130.0,1,15,2,31,1,1,0,4,0,0,0,Action & Adventure
2018,2019,5,125.0,1,8,2,8,1,1,7,8,0,0,0,Comedies
2020,2020,5,1.0,1,25,1,6,0,0,16,8,1,1,0,International TV Shows
2018,2018,6,98.0,1,3,1,8,0,0,24,5,0,0,0,Sci-Fi & Fantasy
2008,2019,3,116.0,1,8,1,18,0,0,0,6,0,0,0,Action & Adventure
2017,2017,12,91.0,1,7,1,9,0,0,7,8,0,0,0,Comedies
2016,2019,8,92.0,1,7,1,10,0,0,7,8,0,0,0,Comedies
2018,2018,8,74.0,3,8,2,8,1,0,1,9,0,0,0,Anime Features
2019,2019,11,117.0,1,8,1,7,0,0,0,6,0,0,0,Action & Adventure
2008,2018,11,103.0,1,8,1,18,0,0,0,8,0,0,0,Action & Adventure
2014,2017,10,85.0,10,7,5,12,1,0,4,3,0,0,0,Children & Family Movies
2015,2015,12,29.0,1,3,1,11,0,0,19,8,0,0,0,Movies
2015,2016,9,88.0,1,7,1,11,0,0,7,8,0,0,0,Comedies
2020,2020,7,5.0,1,5,1,6,0,0,11,8,1,1,0,Docuseries
2018,2019,12,107.0,1,10,1,8,0,0,12,6,0,0,0,Dramas
2015,2017,2,80.0,1,1,1,11,0,0,10,6,0,0,0,Documentaries
2018,2019,10,90.0,1,6,1,8,0,0,12,6,0,0,0,Dramas
2015,2018,12,146.0,1,3,1,11,0,1,0,6,0,0,0,Action & Adventure
1995,2018,3,173.0,1,15,1,31,0,1,0,9,0,0,0,Action & Adventure
2019,2019,5,1.0,1,5,1,7,0,0,16,6,1,1,0,International TV Shows
2005,2017,11,131.0,2,8,1,21,0,1,12,6,0,0,0,Dramas
2019,2019,4,1.0,1,11,1,7,0,0,8,8,1,1,0,Crime TV Shows
2020,2020,1,2.0,1,8,1,6,0,0,17,9,1,1,0,Kids' TV
2011,2019,6,1.0,1,6,1,15,0,0,2,6,1,1,0,Anime Series
2013,2020,9,139.0,1,10,1,13,0,1,12,8,0,0,0,Dramas
2019,2019,6,113.0,2,8,2,7,1,0,12,8,0,0,0,Dramas
2014,2019,1,123.0,1,8,3,12,1,1,7,3,0,0,0,Comedies
2014,2016,4,88.0,1,1,1,12,0,0,10,2,0,0,0,Documentaries
2018,2019,3,98.0,1,14,1,8,0,0,7,8,0,0,0,Comedies
2009,2021,1,96.0,1,9,1,17,0,0,10,4,0,0,0,Documentaries
2004,2020,10,106.0,1,4,1,22,0,0,12,8,0,0,0,Dramas
2018,2019,4,7.0,1,6,1,8,0,0,23,6,1,1,0,Romantic TV Shows
2020,2020,7,3.0,1,4,1,6,0,0,17,10,1,1,0,Kids' TV
2012,2019,2,103.0,1,11,1,14,0,0,7,8,0,0,0,Comedies
2015,2017,4,107.0,1,16,1,11,0,0,15,9,0,0,0,International Movies
2016,2019,3,130.0,1,11,1,10,0,1,12,8,0,0,0,Dramas
2016,2018,2,42.0,1,1,1,10,0,0,10,7,0,0,0,Documentaries
2017,2017,11,128.0,1,8,1,9,0,1,7,4,0,0,0,Comedies
2016,2018,3,103.0,1,7,1,10,0,0,0,8,0,0,0,Action & Adventure
2016,2018,2,96.0,1,9,1,10,0,0,12,5,0,0,0,Dramas
2018,2019,7,86.0,2,1,1,8,0,0,10,8,0,0,0,Documentaries
2017,2017,7,91.0,1,6,2,9,1,0,12,8,0,0,0,Dramas
2016,2020,2,86.0,1,6,1,10,0,0,7,8,0,0,0,Comedies
2002,2019,8,112.0,1,9,1,24,0,0,35,5,0,0,0,Thrillers
2006,2016,1,1.0,1,13,1,20,0,0,17,11,1,1,0,Kids' TV
2020,2020,4,1.0,1,1,1,6,0,0,8,8,1,1,0,Crime TV Shows
2010,2020,12,1.0,1,3,1,16,0,0,3,10,1,1,0,British TV Shows
2016,2018,8,88.0,2,10,1,10,0,0,7,6,0,0,0,Comedies
2017,2017,5,143.0,1,11,1,9,0,1,0,6,0,0,0,Action & Adventure
2015,2019,7,1.0,1,6,1,11,0,0,2,6,1,1,0,Anime Series
2014,2020,12,115.0,1,11,1,12,0,0,7,5,0,0,0,Comedies
2020,2020,11,1.0,1,10,1,6,0,0,29,8,1,1,0,TV Action & Adventure
2020,2020,9,2.0,1,11,4,6,1,0,3,8,1,1,0,British TV Shows
2019,2019,7,1.0,1,1,1,7,0,0,16,6,1,1,0,International TV Shows
2013,2018,1,46.0,2,12,1,13,0,0,4,11,0,0,0,Children & Family Movies
2019,2020,7,67.0,2,1,1,7,0,0,10,8,0,0,0,Documentaries
2019,2019,8,3.0,1,28,1,7,0,0,8,8,1,1,0,Crime TV Shows
2017,2019,11,81.0,2,8,3,9,1,0,4,9,0,0,0,Children & Family Movies
2015,2016,9,107.0,1,10,1,11,0,0,7,8,0,0,0,Comedies
2012,2017,1,1.0,1,6,1,14,0,0,16,6,1,1,0,International TV Shows
2014,2019,2,22.0,1,8,1,12,0,0,19,11,0,0,0,Movies
2017,2019,2,79.0,1,1,1,9,0,0,10,8,0,0,0,Documentaries
2004,2019,10,112.0,1,13,2,22,1,0,12,5,0,0,0,Dramas
2014,2019,6,97.0,1,10,1,12,0,0,12,6,0,0,0,Dramas
2018,2018,3,103.0,1,7,1,8,0,0,12,8,0,0,0,Dramas
2018,2019,3,89.0,1,1,1,8,0,0,10,8,0,0,0,Documentaries
2014,2017,7,116.0,1,10,1,12,0,0,12,6,0,0,0,Dramas
1999,2020,5,106.0,1,10,2,27,1,0,12,8,0,0,0,Dramas
2020,2021,1,5.0,1,13,2,6,1,0,31,8,1,1,0,TV Dramas
2018,2020,9,110.0,1,8,1,8,0,0,12,6,0,0,0,Dramas
2016,2017,6,1.0,1,5,1,10,0,0,16,6,1,1,0,International TV Shows
2008,2019,7,104.0,1,10,2,18,1,0,0,4,0,0,0,Action & Adventure
2020,2020,12,91.0,2,9,1,6,0,0,10,4,0,0,0,Documentaries
2018,2020,11,123.0,1,10,1,8,0,1,12,8,0,0,0,Dramas
2016,2017,7,105.0,1,11,1,10,0,0,4,9,0,0,0,Children & Family Movies
2019,2019,4,1.0,1,1,1,7,0,0,11,9,1,1,0,Docuseries
2000,2017,12,137.0,1,10,1,26,0,1,7,9,0,0,0,Comedies
2018,2019,5,104.0,1,8,1,8,0,0,13,8,0,0,0,Horror Movies
2018,2018,11,1.0,1,1,1,8,0,0,21,8,1,1,0,Reality TV
1996,2019,12,131.0,1,14,1,30,0,1,12,5,0,0,0,Dramas
2009,2020,1,115.0,1,10,4,17,1,0,0,4,0,0,0,Action & Adventure
2018,2018,12,155.0,1,10,1,8,0,1,0,6,0,0,0,Action & Adventure
2017,2018,3,1.0,1,7,1,9,0,0,8,8,1,1,0,Crime TV Shows
2018,2018,8,1.0,1,2,1,8,0,0,21,9,1,1,0,Reality TV
1977,2020,7,176.0,1,14,2,49,1,1,0,3,0,0,0,Action & Adventure
2014,2017,4,1.0,1,3,1,12,0,0,16,9,1,1,0,International TV Shows
2018,2019,3,99.0,1,8,1,8,0,0,13,8,0,0,0,Horror Movies
2018,2018,8,1.0,1,1,1,8,0,0,11,8,1,1,0,Docuseries
2019,2019,5,1.0,1,1,1,7,0,0,8,8,1,1,0,Crime TV Shows
2013,2018,6,99.0,1,9,1,13,0,0,12,6,0,0,0,Dramas
2018,2020,2,88.0,1,13,1,8,0,0,12,8,0,0,0,Dramas
2017,2020,5,91.0,1,3,1,9,0,0,12,6,0,0,0,Dramas
2019,2019,12,90.0,1,9,1,7,0,0,7,4,0,0,0,Comedies
2018,2020,11,90.0,1,6,1,8,0,0,4,3,0,0,0,Children & Family Movies
2016,2018,3,106.0,1,7,1,10,0,0,12,5,0,0,0,Dramas
2017,2017,8,95.0,1,8,1,9,0,0,7,4,0,0,0,Comedies
2019,2019,10,67.0,1,1,1,7,0,0,10,8,0,0,0,Documentaries
2017,2019,5,1.0,1,10,1,9,0,0,8,8,1,1,0,Crime TV Shows
2018,2020,10,1.0,1,1,1,8,0,0,11,8,1,1,0,Docuseries
2008,2017,7,1.0,1,10,1,18,0,0,16,6,1,1,0,International TV Shows
2016,2016,11,107.0,1,6,2,10,1,0,12,8,0,0,0,Dramas
2018,2018,12,122.0,1,10,3,8,1,1,12,8,0,0,0,Dramas
2011,2016,8,1.0,1,7,1,15,0,0,16,6,1,1,0,International TV Shows
2015,2017,8,88.0,1,5,1,11,0,0,0,9,0,0,0,Action & Adventure
2017,2017,11,1.0,1,1,1,9,0,0,17,11,1,1,0,Kids' TV
2018,2019,2,93.0,1,10,1,8,0,0,12,5,0,0,0,Dramas
2020,2020,4,1.0,1,1,1,6,0,0,21,8,1,1,0,Reality TV
2019,2019,12,1.0,1,1,1,7,0,0,11,9,1,1,0,Docuseries
2018,2018,3,1.0,1,11,1,8,0,0,2,6,1,1,0,Anime Series
2018,2019,6,93.0,1,6,1,8,0,0,7,8,0,0,0,Comedies
2018,2020,6,4.0,1,6,4,8,1,0,8,8,1,1,0,Crime TV Shows
2014,2018,12,110.0,1,10,1,12,0,0,7,6,0,0,0,Comedies
2019,2019,3,1.0,1,5,1,7,0,0,3,8,1,1,0,British TV Shows
2007,2019,7,96.0,1,10,1,19,0,0,0,4,0,0,0,Action & Adventure
2015,2018,11,126.0,1,10,1,11,0,1,12,6,0,0,0,Dramas
2019,2020,12,106.0,1,8,1,7,0,0,7,6,0,0,0,Comedies
2009,2016,1,1.0,1,13,1,17,0,0,17,11,1,1,0,Kids' TV
2016,2020,11,128.0,1,9,1,10,0,1,12,6,0,0,0,Dramas
2017,2017,5,64.0,1,1,1,9,0,0,27,8,0,0,0,Stand-Up Comedy
1992,2018,8,95.0,1,10,1,34,0,0,0,6,0,0,0,Action & Adventure
2020,2020,12,83.0,1,10,1,6,0,0,7,6,0,0,0,Comedies
2019,2019,10,1.0,1,1,1,7,0,0,21,8,1,1,0,Reality TV
2015,2018,7,1.0,1,1,1,11,0,0,16,9,1,1,0,International TV Shows
2016,2018,4,117.0,2,6,2,10,1,0,0,8,0,0,0,Action & Adventure
2018,2018,7,1.0,1,4,1,8,0,0,8,8,1,1,0,Crime TV Shows
1987,2021,1,90.0,1,1,1,39,0,0,27,5,0,0,0,Stand-Up Comedy
2015,2016,2,74.0,1,11,1,11,0,0,4,3,0,0,0,Children & Family Movies
1958,2019,11,115.0,2,10,1,68,0,0,6,0,0,0,0,Classic Movies
2011,2019,4,114.0,1,6,1,15,0,0,7,6,0,0,0,Comedies
2019,2020,8,96.0,1,7,1,7,0,0,12,4,0,0,0,Dramas
2012,2019,4,87.0,1,10,1,14,0,0,12,6,0,0,0,Dramas
2015,2018,7,99.0,1,14,1,11,0,0,0,4,0,0,0,Action & Adventure
2019,2020,2,71.0,1,5,1,7,0,0,10,9,0,0,0,Documentaries
2018,2020,4,93.0,1,9,1,8,0,0,12,6,0,0,0,Dramas
2015,2019,5,95.0,1,10,2,11,1,0,13,5,0,0,0,Horror Movies
2016,2019,6,119.0,1,5,1,10,0,0,12,5,0,0,0,Dramas
2006,2018,2,132.0,2,6,1,20,0,1,7,6,0,0,0,Comedies
2017,2017,10,1.0,1,11,2,9,1,0,31,8,1,1,0,TV Dramas
2017,2019,8,1.0,1,4,1,9,0,0,16,6,1,1,0,International TV Shows
2018,2018,8,100.0,1,7,1,8,0,0,7,8,0,0,0,Comedies
1998,2018,8,31.0,1,3,1,28,0,0,7,8,0,0,0,Comedies
2016,2017,4,88.0,1,5,1,10,0,0,7,8,0,0,0,Comedies
2012,2020,11,114.0,1,10,3,14,1,0,12,4,0,0,0,Dramas
2017,2017,12,75.0,1,7,1,9,0,0,12,8,0,0,0,Dramas
2019,2020,3,100.0,1,1,1,7,0,0,4,3,0,0,0,Children & Family Movies
2019,2019,5,1.0,1,5,1,7,0,0,8,6,1,1,0,Crime TV Shows
1989,2018,1,192.0,1,10,1,37,0,1,12,9,0,0,0,Dramas
2018,2018,10,1.0,1,2,1,8,0,0,16,6,1,1,0,International TV Shows
2019,2019,3,1.0,1,1,1,7,0,0,11,8,1,1,0,Docuseries
2009,2020,12,120.0,1,7,1,17,0,0,12,6,0,0,0,Dramas
2012,2014,4,8.0,1,10,1,14,0,0,30,8,1,1,0,TV Comedies
2012,2020,4,87.0,1,9,1,14,0,0,4,11,0,0,0,Children & Family Movies
2018,2019,1,1.0,1,1,1,8,0,0,11,9,1,1,0,Docuseries
2018,2018,10,50.0,1,1,1,8,0,0,19,8,0,0,0,Movies
2018,2018,8,1.0,1,7,1,8,0,0,16,9,1,1,0,International TV Shows
2015,2016,7,105.0,11,8,1,11,0,0,12,8,0,0,0,Dramas
2015,2016,12,1.0,1,26,1,11,0,0,16,8,1,1,0,International TV Shows
2016,2017,2,98.0,2,1,1,10,0,0,10,6,0,0,0,Documentaries
2016,2017,11,82.0,1,3,1,10,0,0,4,7,0,0,0,Children & Family Movies
2019,2019,10,1.0,1,1,1,7,0,0,3,9,1,1,0,British TV Shows
2017,2017,11,1.0,1,8,1,9,0,0,31,8,1,1,0,TV Dramas
2017,2018,3,3.0,1,1,1,9,0,0,3,8,1,1,0,British TV Shows
2015,2016,10,1.0,1,11,1,11,0,0,16,8,1,1,0,International TV Shows
2013,2019,11,100.0,1,8,2,13,1,0,12,3,0,0,0,Dramas
2016,2016,11,88.0,1,8,1,10,0,0,12,8,0,0,0,Dramas
2017,2018,5,118.0,1,8,1,9,0,0,7,6,0,0,0,Comedies
2017,2018,3,149.0,1,10,1,9,0,1,15,8,0,0,0,International Movies
2020,2020,1,1.0,1,7,1,6,0,0,16,8,1,1,0,International TV Shows
2016,2017,10,108.0,1,8,3,10,1,0,10,8,0,0,0,Documentaries
2011,2019,11,92.0,1,9,1,15,0,0,7,9,0,0,0,Comedies
2017,2017,10,89.0,1,6,1,9,0,0,7,8,0,0,0,Comedies
2019,2019,7,2.0,1,10,1,7,0,0,16,8,1,1,0,International TV Shows
2016,2016,10,92.0,1,9,1,10,0,0,4,0,0,0,0,Children & Family Movies
2014,2018,7,95.0,2,10,2,12,1,0,0,5,0,0,0,Action & Adventure
2004,2019,12,185.0,1,10,1,22,0,1,0,9,0,0,0,Action & Adventure
2017,2018,1,76.0,1,8,1,9,0,0,12,8,0,0,0,Dramas
2013,2019,7,98.0,1,10,1,13,0,0,7,6,0,0,0,Comedies
2019,2020,9,130.0,1,10,1,7,0,1,12,8,0,0,0,Dramas
2017,2018,5,126.0,1,6,1,9,0,1,12,6,0,0,0,Dramas
